<?xml version="1.0" ?>
<ResList version="1.0.1" tag="">
	<Res filename="Client/WindowsNoEditor/Engine/Binaries/ThirdParty/CEF3/Win64/libcef.dll" filesize="153114624" md5="3a1cb9e5814c6a22261824396f79b55d"/>
	<Res filename="Client/WindowsNoEditor/Engine/Binaries/Win64/CrashReportClient.pdb" filesize="176394240" md5="9c45d103e85396d88321ada7f2e7a174"/>
	<Res filename="Client/WindowsNoEditor/HT/Binaries/Win64/HTGame.exe" filesize="357959168" md5="5dc5b385184a3e0d4acf5d3b165ab759"/>
	<Res filename="Client/WindowsNoEditor/HT/Content/Movies/FFMpeg/Story/C03.mp4" filesize="55204705" md5="f455a7ce6aa6e96691778f205ef8894d"/>
	<Res filename="Client/WindowsNoEditor/HT/Content/Movies/FFMpeg/Story/HM_U00C00_01.mp4" filesize="281430826" md5="1fa5966365e29ef2c2693029f31be2d3"/>
	<Res filename="Client/WindowsNoEditor/HT/Content/Movies/FFMpeg/Story/HM_U00C00_03.mp4" filesize="167636875" md5="89c6094d486feb4371f7850e40f16595"/>
	<Res filename="Client/WindowsNoEditor/HT/Content/Movies/FFMpeg/Story/HM_U00C00_04.mp4" filesize="140483720" md5="da47aecbb2cd59c43f638dd50d5a44f5"/>
	<Res filename="Client/WindowsNoEditor/HT/Content/Movies/FFMpeg/Story/HM_U00C00_06.mp4" filesize="307600575" md5="0a74d17178a16f25ba657ad65de243e3"/>
	<Res filename="Client/WindowsNoEditor/HT/Content/Movies/FFMpeg/Story/HM_U00C00_07.mp4" filesize="162563940" md5="5d40a8100d33f16948ef3112eade0632"/>
	<Res filename="Client/WindowsNoEditor/HT/Content/Movies/FFMpeg/Story/HM_U00C00_09.mp4" filesize="313016110" md5="b79b3154474b18b372d610ac06292630"/>
	<Res filename="Client/WindowsNoEditor/HT/Content/Movies/FFMpeg/Story/HM_U00C00_11.mp4" filesize="57028566" md5="59db0e8acf618fc6c8928f4f0d195d5a"/>
	<Res filename="Client/WindowsNoEditor/HT/Content/Movies/SampleVideo.usm" filesize="81280576" md5="8a4b79707c1406458ee2d2fc0257c287"/>
	<Res filename="Client/WindowsNoEditor/HT/Content/Movies/UI_HD/UI_HD_Car08.mp4" filesize="63299736" md5="4c63708a1d330d8fbd4be252b25970f7"/>
	<Res filename="Client/WindowsNoEditor/HT/Content/Movies/UI_HD/UI_HD_video04.mp4" filesize="79649416" md5="d7e956f098a535a8a74978b6fc68b113"/>
	<Res filename="Client/WindowsNoEditor/HT/Content/Paks/pakchunk0-Windows.pak" filesize="3020287222" md5="489ca37a1f6c963c70a4a65e31422b20" blockSize="6">
		<Block index="0" start="0" size="536870912" md5="810a87f188ebda8331048b05aeedbf91"/>
		<Block index="1" start="536870912" size="536870912" md5="56c405a63ef9d02d962047e2ffc36d68"/>
		<Block index="2" start="1073741824" size="536870912" md5="794aeb752b602276879afce9f26ea835"/>
		<Block index="3" start="1610612736" size="536870912" md5="e43478370beba4c213314c8d965f102e"/>
		<Block index="4" start="2147483648" size="536870912" md5="5600b658a9777e2e41b8d43453e0e369"/>
		<Block index="5" start="2684354560" size="335932662" md5="8ec5e4d14fd73f5e4c0566694f992c6f"/>
	</Res>
	<Res filename="Client/WindowsNoEditor/HT/Content/Paks/pakchunk1-Windows.pak" filesize="12027351418" md5="62933e2d5eb9ce8e94580156b74f25d5" blockSize="23">
		<Block index="0" start="0" size="536870912" md5="ef511284c6ad14bcfd8b378bbad2fb97"/>
		<Block index="1" start="536870912" size="536870912" md5="ad5e099240557c3b1e9f5bbbb6bd1693"/>
		<Block index="2" start="1073741824" size="536870912" md5="3eef1b0a111a561b2ce3b149e45e6281"/>
		<Block index="3" start="1610612736" size="536870912" md5="728866c4e0ec0903e58b375f8a6abbc3"/>
		<Block index="4" start="2147483648" size="536870912" md5="506fce6e6e31077418e4459d35e990d5"/>
		<Block index="5" start="2684354560" size="536870912" md5="e7ed667f31bf453863730c8e94523a1f"/>
		<Block index="6" start="3221225472" size="536870912" md5="55037b1a9a6d462bf1ec341837c1c94e"/>
		<Block index="7" start="3758096384" size="536870912" md5="c5500d38bc3b9303d8643f3dc96f7e94"/>
		<Block index="8" start="4294967296" size="536870912" md5="3840238802b2ffb85e77cf8fcb198486"/>
		<Block index="9" start="4831838208" size="536870912" md5="953f90c5b0ec6a5b69b87824c468e2d7"/>
		<Block index="10" start="5368709120" size="536870912" md5="9f4e2463225f74de1ec69544185e03cd"/>
		<Block index="11" start="5905580032" size="536870912" md5="5f303d28bbb20abd118604986248db3b"/>
		<Block index="12" start="6442450944" size="536870912" md5="416e899984994ae941735106a4802cbe"/>
		<Block index="13" start="6979321856" size="536870912" md5="a709cfc86350724bb5d1dd75a743248d"/>
		<Block index="14" start="7516192768" size="536870912" md5="76295df12a3f4f48cd91cfb3d0cfeb2b"/>
		<Block index="15" start="8053063680" size="536870912" md5="0ff5719066fb8ec52ca494cd9bdb6742"/>
		<Block index="16" start="8589934592" size="536870912" md5="2ae3e4bb159477a84bf42975d5ceb0d9"/>
		<Block index="17" start="9126805504" size="536870912" md5="f912bc179cc73ad7140bd21a37c56398"/>
		<Block index="18" start="9663676416" size="536870912" md5="e8f9024ec8c68692bae1f5448399266f"/>
		<Block index="19" start="10200547328" size="536870912" md5="23616f81cbad30c8ab7bfa58e9bad046"/>
		<Block index="20" start="10737418240" size="536870912" md5="57baebcd994c52104c2b088d470ade16"/>
		<Block index="21" start="11274289152" size="536870912" md5="6abe9084a8288376028d77d99eb3f477"/>
		<Block index="22" start="11811160064" size="216191354" md5="c01e3482d35984ac1e465e03acf7eb02"/>
	</Res>
	<Res filename="Client/WindowsNoEditor/HT/Content/Paks/pakchunk2-Windows.pak" filesize="283486389" md5="ad8144ac9bbd325808856b5e3e88812a"/>
	<Res filename="Client/WindowsNoEditor/HT/Content/Paks/pakchunk3-Windows.pak" filesize="571448362" md5="da4c33b99b2d2e72e541507e947e8924" blockSize="2">
		<Block index="0" start="0" size="536870912" md5="289b3bfdbe0d4396f584203cbe0db8c3"/>
		<Block index="1" start="536870912" size="34577450" md5="5479eeb551e3abb52d17f3f29c6b79fc"/>
	</Res>
	<Res filename="Client/WindowsNoEditor/HT/Content/Paks/pakchunk4-Windows.pak" filesize="266167817" md5="bbd61d33b5156afcda1917f1a8f757bc"/>
	<Package>
		<Pak md5="3d5e50a4764a4d0ccfbe1ae63e332443" filesize="524450876">
			<Entry name="Client/WindowsNoEditor/HT/Content/Movies/FFMpeg/Story/HM_U00C00_07.srt" start="59444" offset="59591" size="142" md5="f7d0a9fdae473f237b7a6744e1c8c3bd"/>
			<Entry name="Client/WindowsNoEditor/Engine/Content/Slate/Cursor/invisible.cur" start="59733" offset="59874" size="326" md5="2eada1ffcee14930f2c53a4d31b95c91"/>
			<Entry name="Client/WindowsNoEditor/HT/Content/Movies/FFMpeg/Story/HM_U00C00_04.srt" start="60200" offset="60347" size="576" md5="7108586a2b73e4998606ce450e333b10"/>
			<Entry name="Client/WindowsNoEditor/HT/Content/Movies/FFMpeg/Story/HM_U00C00_03.srt" start="60923" offset="61070" size="615" md5="9f51664dbfc5a9d19be332cbab3d8c0b"/>
			<Entry name="Client/WindowsNoEditor/Engine/Extras/GPUDumpViewer/OpenGPUDumpViewer.bat" start="61685" offset="61834" size="879" md5="7dbda1f0697d023fe931feb4a3cf75c6"/>
			<Entry name="Client/WindowsNoEditor/Engine/Content/SlateDebug/Fonts/LastResort.tps" start="62713" offset="62859" size="916" md5="f3fa22ad0b723e24a7f8e731a5a4a0e1"/>
			<Entry name="Client/WindowsNoEditor/HT/Content/Movies/FFMpeg/Story/HM_U00C00_01.srt" start="63775" offset="63922" size="1035" md5="ef596d6223af77c4e85e9e94e6385445"/>
			<Entry name="Client/WindowsNoEditor/HT/Content/Movies/FFMpeg/Story/HM_U00C00_09.srt" start="64957" offset="65104" size="1047" md5="efa50a342b67457f830b6ad21375ab62"/>
			<Entry name="Client/WindowsNoEditor/HT/Content/Movies/FFMpeg/Story/HM_U00C00_10.srt" start="66151" offset="66298" size="1294" md5="697560214607c325814ace126403560c"/>
			<Entry name="Client/WindowsNoEditor/HT/Content/Movies/FFMpeg/Story/HM_U00C00_06.srt" start="67592" offset="67739" size="1431" md5="b0fc45e4e09a6519778ae677534fbe28"/>
			<Entry name="Client/WindowsNoEditor/Engine/Binaries/ThirdParty/Vulkan/Win64/VkLayer_khronos_synchronization2.json" start="69170" offset="69347" size="1728" md5="041d0832af782217bee0dd60595d668f"/>
			<Entry name="Client/WindowsNoEditor/Engine/Extras/GPUDumpViewer/OpenGPUDumpViewer.sh" start="71075" offset="71223" size="2060" md5="6b8333a5ffa680edfe3a2240463d3032"/>
			<Entry name="Client/WindowsNoEditor/HT/Binaries/Win64/boost_system-mt-x64.dll" start="73283" offset="73424" size="9728" md5="260d0234ab782edb00137be04c2be705"/>
			<Entry name="Client/WindowsNoEditor/Engine/Binaries/ThirdParty/Vulkan/Win64/VkLayer_api_dump.json" start="83152" offset="83313" size="11842" md5="5cbab1cf0b09ac2edf741016b686cbcb"/>
			<Entry name="Client/WindowsNoEditor/HT/Content/Paks/pakchunk4-Windows.sig" start="95155" offset="95292" size="16776" md5="a9fce732b163939402df368c2f473afc"/>
			<Entry name="Client/WindowsNoEditor/HT/Binaries/Win64/boost_atomic-mt-x64.dll" start="112068" offset="112209" size="17408" md5="799877fdabb7da8842bfcf732a2e6352"/>
			<Entry name="Client/WindowsNoEditor/HT/Content/Paks/pakchunk2-Windows.sig" start="129617" offset="129754" size="17832" md5="15c77110d5e9908288455719e1c0ed3e"/>
			<Entry name="Client/WindowsNoEditor/HT/Binaries/Win64/api-ms-win-core-string-l1-1-0.dll" start="147586" offset="147737" size="22112" md5="575eba56aa4c2e409d643f719cd1dbba"/>
			<Entry name="Client/WindowsNoEditor/Engine/Binaries/Win64/api-ms-win-core-string-l1-1-0.dll" start="169849" offset="170004" size="22112" md5="575eba56aa4c2e409d643f719cd1dbba"/>
			<Entry name="Client/WindowsNoEditor/HT/Binaries/Win64/api-ms-win-crt-time-l1-1-0.dll" start="192116" offset="192264" size="22120" md5="76455596ccdd9b075d140fd82ae05790"/>
			<Entry name="Client/WindowsNoEditor/HT/Binaries/Win64/api-ms-win-crt-filesystem-l1-1-0.dll" start="214384" offset="214538" size="22120" md5="b83a1737d839d6106bb92d7d4b3dbed4"/>
			<Entry name="Client/WindowsNoEditor/HT/Binaries/Win64/api-ms-win-crt-environment-l1-1-0.dll" start="236658" offset="236813" size="22120" md5="859c13dfb783115ed36eb95037b7241e"/>
			<Entry name="Client/WindowsNoEditor/HT/Binaries/Win64/api-ms-win-crt-conio-l1-1-0.dll" start="258933" offset="259082" size="22120" md5="ab1a23bf00ace7433c859205d518fa5c"/>
			<Entry name="Client/WindowsNoEditor/HT/Binaries/Win64/api-ms-win-core-timezone-l1-1-0.dll" start="281202" offset="281355" size="22120" md5="ef40498ce0b6cf020d9ea8ed88992584"/>
			<Entry name="Client/WindowsNoEditor/HT/Binaries/Win64/api-ms-win-core-sysinfo-l1-1-0.dll" start="303475" offset="303627" size="22120" md5="dace0193b6820ed7812f7346b9382c05"/>
			<Entry name="Client/WindowsNoEditor/HT/Binaries/Win64/api-ms-win-core-profile-l1-1-0.dll" start="325747" offset="325899" size="22120" md5="4649d1ad31dd375bfaea35c9423f1d96"/>
			<Entry name="Client/WindowsNoEditor/HT/Binaries/Win64/api-ms-win-core-processthreads-l1-1-1.dll" start="348019" offset="348178" size="22120" md5="6362e38d6c8138711da8f3be9bcc72cd"/>
			<Entry name="Client/WindowsNoEditor/HT/Binaries/Win64/api-ms-win-core-processthreads-l1-1-0.dll" start="370298" offset="370457" size="22120" md5="953139610362f102b41b125ea7208070"/>
			<Entry name="Client/WindowsNoEditor/HT/Binaries/Win64/api-ms-win-core-interlocked-l1-1-0.dll" start="392577" offset="392733" size="22120" md5="26dd73913f6487700025e760df6402ee"/>
			<Entry name="Client/WindowsNoEditor/HT/Binaries/Win64/api-ms-win-core-file-l2-1-0.dll" start="414853" offset="415002" size="22120" md5="855bea02e0a624407c36b109b841db59"/>
			<Entry name="Client/WindowsNoEditor/HT/Binaries/Win64/api-ms-win-core-file-l1-2-0.dll" start="437122" offset="437271" size="22120" md5="75c8a3c1dfe2096f1a2c6ba51de7196f"/>
			<Entry name="Client/WindowsNoEditor/HT/Binaries/Win64/api-ms-win-core-datetime-l1-1-0.dll" start="459391" offset="459544" size="22120" md5="1754ecb52a0c9fb6f11c43476975be9e"/>
			<Entry name="Client/WindowsNoEditor/Engine/Binaries/Win64/api-ms-win-crt-time-l1-1-0.dll" start="481664" offset="481816" size="22120" md5="76455596ccdd9b075d140fd82ae05790"/>
			<Entry name="Client/WindowsNoEditor/Engine/Binaries/Win64/api-ms-win-crt-filesystem-l1-1-0.dll" start="503936" offset="504094" size="22120" md5="b83a1737d839d6106bb92d7d4b3dbed4"/>
			<Entry name="Client/WindowsNoEditor/Engine/Binaries/Win64/api-ms-win-crt-environment-l1-1-0.dll" start="526214" offset="526373" size="22120" md5="859c13dfb783115ed36eb95037b7241e"/>
			<Entry name="Client/WindowsNoEditor/Engine/Binaries/Win64/api-ms-win-crt-conio-l1-1-0.dll" start="548493" offset="548646" size="22120" md5="ab1a23bf00ace7433c859205d518fa5c"/>
			<Entry name="Client/WindowsNoEditor/Engine/Binaries/Win64/api-ms-win-core-timezone-l1-1-0.dll" start="570766" offset="570923" size="22120" md5="ef40498ce0b6cf020d9ea8ed88992584"/>
			<Entry name="Client/WindowsNoEditor/Engine/Binaries/Win64/api-ms-win-core-sysinfo-l1-1-0.dll" start="593043" offset="593199" size="22120" md5="dace0193b6820ed7812f7346b9382c05"/>
			<Entry name="Client/WindowsNoEditor/Engine/Binaries/Win64/api-ms-win-core-profile-l1-1-0.dll" start="615319" offset="615475" size="22120" md5="4649d1ad31dd375bfaea35c9423f1d96"/>
			<Entry name="Client/WindowsNoEditor/Engine/Binaries/Win64/api-ms-win-core-processthreads-l1-1-1.dll" start="637595" offset="637758" size="22120" md5="6362e38d6c8138711da8f3be9bcc72cd"/>
			<Entry name="Client/WindowsNoEditor/Engine/Binaries/Win64/api-ms-win-core-processthreads-l1-1-0.dll" start="659878" offset="660041" size="22120" md5="953139610362f102b41b125ea7208070"/>
			<Entry name="Client/WindowsNoEditor/Engine/Binaries/Win64/api-ms-win-core-interlocked-l1-1-0.dll" start="682161" offset="682321" size="22120" md5="26dd73913f6487700025e760df6402ee"/>
			<Entry name="Client/WindowsNoEditor/Engine/Binaries/Win64/api-ms-win-core-file-l2-1-0.dll" start="704441" offset="704594" size="22120" md5="855bea02e0a624407c36b109b841db59"/>
			<Entry name="Client/WindowsNoEditor/Engine/Binaries/Win64/api-ms-win-core-file-l1-2-0.dll" start="726714" offset="726867" size="22120" md5="75c8a3c1dfe2096f1a2c6ba51de7196f"/>
			<Entry name="Client/WindowsNoEditor/Engine/Binaries/Win64/api-ms-win-core-datetime-l1-1-0.dll" start="748987" offset="749144" size="22120" md5="1754ecb52a0c9fb6f11c43476975be9e"/>
			<Entry name="Client/WindowsNoEditor/HT/Binaries/Win64/api-ms-win-crt-utility-l1-1-0.dll" start="771264" offset="771415" size="22136" md5="c4101780e1a10227eadd8669c42601fa"/>
			<Entry name="Client/WindowsNoEditor/HT/Binaries/Win64/api-ms-win-crt-process-l1-1-0.dll" start="793551" offset="793702" size="22136" md5="4c64207eac5b781b2f28d3c98d86ddfb"/>
			<Entry name="Client/WindowsNoEditor/HT/Binaries/Win64/api-ms-win-crt-locale-l1-1-0.dll" start="815838" offset="815988" size="22136" md5="2ca6aecd962341ef2565ddc8fd5bc127"/>
			<Entry name="Client/WindowsNoEditor/HT/Binaries/Win64/api-ms-win-crt-heap-l1-1-0.dll" start="838124" offset="838272" size="22136" md5="d50203f25306427ccc9935ec45431b95"/>
			<Entry name="Client/WindowsNoEditor/HT/Binaries/Win64/api-ms-win-core-util-l1-1-0.dll" start="860408" offset="860557" size="22136" md5="ed447c74d9047cbfcc66878b063d31be"/>
			<Entry name="Client/WindowsNoEditor/HT/Binaries/Win64/api-ms-win-core-synch-l1-2-0.dll" start="882693" offset="882843" size="22136" md5="35f6657e323c4e5ac56e7697ea3cc54b"/>
			<Entry name="Client/WindowsNoEditor/HT/Binaries/Win64/api-ms-win-core-synch-l1-1-0.dll" start="904979" offset="905129" size="22136" md5="d6dad6b6adb40eafdb89da01acf6742b"/>
			<Entry name="Client/WindowsNoEditor/HT/Binaries/Win64/api-ms-win-core-rtlsupport-l1-1-0.dll" start="927265" offset="927420" size="22136" md5="251d9a3f3ec2e5a8997ce8d7450e443f"/>
			<Entry name="Client/WindowsNoEditor/HT/Binaries/Win64/api-ms-win-core-processenvironment-l1-1-0.dll" start="949556" offset="949719" size="22136" md5="162689d6edafcb3eb00fb50d01ee5287"/>
			<Entry name="Client/WindowsNoEditor/HT/Binaries/Win64/api-ms-win-core-namedpipe-l1-1-0.dll" start="971855" offset="972009" size="22136" md5="e6afcee6449426ec7aade8946d995f00"/>
			<Entry name="Client/WindowsNoEditor/HT/Binaries/Win64/api-ms-win-core-memory-l1-1-0.dll" start="994145" offset="994296" size="22136" md5="e80ab3c9dfd2574944f7e823b99d9ca3"/>
			<Entry name="Client/WindowsNoEditor/HT/Binaries/Win64/api-ms-win-core-localization-l1-2-0.dll" start="1016432" offset="1016589" size="22136" md5="7f629d273ac801725d19df76990a68df"/>
			<Entry name="Client/WindowsNoEditor/HT/Binaries/Win64/api-ms-win-core-libraryloader-l1-1-0.dll" start="1038725" offset="1038883" size="22136" md5="9bfa838217a723d82f2139bd9fa92169"/>
			<Entry name="Client/WindowsNoEditor/HT/Binaries/Win64/api-ms-win-core-heap-l1-1-0.dll" start="1061019" offset="1061168" size="22136" md5="c5de5376fe71ca643e633505209da913"/>
			<Entry name="Client/WindowsNoEditor/HT/Binaries/Win64/api-ms-win-core-handle-l1-1-0.dll" start="1083304" offset="1083455" size="22136" md5="5f0f6443699fb844cd2a6684ce279b6d"/>
			<Entry name="Client/WindowsNoEditor/HT/Binaries/Win64/api-ms-win-core-fibers-l1-1-0.dll" start="1105591" offset="1105742" size="22136" md5="b4c1a9ef2cf923a81969faf2f74e5c18"/>
			<Entry name="Client/WindowsNoEditor/HT/Binaries/Win64/api-ms-win-core-errorhandling-l1-1-0.dll" start="1127878" offset="1128036" size="22136" md5="a575281e93dcdc2f95857b7e2b365361"/>
			<Entry name="Client/WindowsNoEditor/HT/Binaries/Win64/api-ms-win-core-debug-l1-1-0.dll" start="1150172" offset="1150322" size="22136" md5="31b55653d51de75f30be2eea85aead0f"/>
			<Entry name="Client/WindowsNoEditor/HT/Binaries/Win64/api-ms-win-core-console-l1-2-0.dll" start="1172458" offset="1172610" size="22136" md5="ea89c2fa795992b7cabc1cf64e2d1e1b"/>
			<Entry name="Client/WindowsNoEditor/HT/Binaries/Win64/api-ms-win-core-console-l1-1-0.dll" start="1194746" offset="1194898" size="22136" md5="8805de8aead10a48193b54f882a7763a"/>
			<Entry name="Client/WindowsNoEditor/Engine/Binaries/Win64/api-ms-win-crt-utility-l1-1-0.dll" start="1217034" offset="1217189" size="22136" md5="c4101780e1a10227eadd8669c42601fa"/>
			<Entry name="Client/WindowsNoEditor/Engine/Binaries/Win64/api-ms-win-crt-process-l1-1-0.dll" start="1239325" offset="1239480" size="22136" md5="4c64207eac5b781b2f28d3c98d86ddfb"/>
			<Entry name="Client/WindowsNoEditor/Engine/Binaries/Win64/api-ms-win-crt-locale-l1-1-0.dll" start="1261616" offset="1261770" size="22136" md5="2ca6aecd962341ef2565ddc8fd5bc127"/>
			<Entry name="Client/WindowsNoEditor/Engine/Binaries/Win64/api-ms-win-crt-heap-l1-1-0.dll" start="1283906" offset="1284058" size="22136" md5="d50203f25306427ccc9935ec45431b95"/>
			<Entry name="Client/WindowsNoEditor/Engine/Binaries/Win64/api-ms-win-core-util-l1-1-0.dll" start="1306194" offset="1306347" size="22136" md5="ed447c74d9047cbfcc66878b063d31be"/>
			<Entry name="Client/WindowsNoEditor/Engine/Binaries/Win64/api-ms-win-core-synch-l1-2-0.dll" start="1328483" offset="1328637" size="22136" md5="35f6657e323c4e5ac56e7697ea3cc54b"/>
			<Entry name="Client/WindowsNoEditor/Engine/Binaries/Win64/api-ms-win-core-synch-l1-1-0.dll" start="1350773" offset="1350927" size="22136" md5="d6dad6b6adb40eafdb89da01acf6742b"/>
			<Entry name="Client/WindowsNoEditor/Engine/Binaries/Win64/api-ms-win-core-rtlsupport-l1-1-0.dll" start="1373063" offset="1373222" size="22136" md5="251d9a3f3ec2e5a8997ce8d7450e443f"/>
			<Entry name="Client/WindowsNoEditor/Engine/Binaries/Win64/api-ms-win-core-processenvironment-l1-1-0.dll" start="1395358" offset="1395525" size="22136" md5="162689d6edafcb3eb00fb50d01ee5287"/>
			<Entry name="Client/WindowsNoEditor/Engine/Binaries/Win64/api-ms-win-core-namedpipe-l1-1-0.dll" start="1417661" offset="1417819" size="22136" md5="e6afcee6449426ec7aade8946d995f00"/>
			<Entry name="Client/WindowsNoEditor/Engine/Binaries/Win64/api-ms-win-core-memory-l1-1-0.dll" start="1439955" offset="1440110" size="22136" md5="e80ab3c9dfd2574944f7e823b99d9ca3"/>
			<Entry name="Client/WindowsNoEditor/Engine/Binaries/Win64/api-ms-win-core-localization-l1-2-0.dll" start="1462246" offset="1462407" size="22136" md5="7f629d273ac801725d19df76990a68df"/>
			<Entry name="Client/WindowsNoEditor/Engine/Binaries/Win64/api-ms-win-core-libraryloader-l1-1-0.dll" start="1484543" offset="1484705" size="22136" md5="9bfa838217a723d82f2139bd9fa92169"/>
			<Entry name="Client/WindowsNoEditor/Engine/Binaries/Win64/api-ms-win-core-heap-l1-1-0.dll" start="1506841" offset="1506994" size="22136" md5="c5de5376fe71ca643e633505209da913"/>
			<Entry name="Client/WindowsNoEditor/Engine/Binaries/Win64/api-ms-win-core-handle-l1-1-0.dll" start="1529130" offset="1529285" size="22136" md5="5f0f6443699fb844cd2a6684ce279b6d"/>
			<Entry name="Client/WindowsNoEditor/Engine/Binaries/Win64/api-ms-win-core-fibers-l1-1-0.dll" start="1551421" offset="1551576" size="22136" md5="b4c1a9ef2cf923a81969faf2f74e5c18"/>
			<Entry name="Client/WindowsNoEditor/Engine/Binaries/Win64/api-ms-win-core-errorhandling-l1-1-0.dll" start="1573712" offset="1573874" size="22136" md5="a575281e93dcdc2f95857b7e2b365361"/>
			<Entry name="Client/WindowsNoEditor/Engine/Binaries/Win64/api-ms-win-core-debug-l1-1-0.dll" start="1596010" offset="1596164" size="22136" md5="31b55653d51de75f30be2eea85aead0f"/>
			<Entry name="Client/WindowsNoEditor/Engine/Binaries/Win64/api-ms-win-core-console-l1-2-0.dll" start="1618300" offset="1618456" size="22136" md5="ea89c2fa795992b7cabc1cf64e2d1e1b"/>
			<Entry name="Client/WindowsNoEditor/Engine/Binaries/Win64/api-ms-win-core-console-l1-1-0.dll" start="1640592" offset="1640748" size="22136" md5="8805de8aead10a48193b54f882a7763a"/>
			<Entry name="Client/WindowsNoEditor/HT/Binaries/Win64/X3DAudio1_7.dll" start="1662884" offset="1663017" size="24920" md5="b4ff2a39685c1a6d43f0e56eb350af3a"/>
			<Entry name="Client/WindowsNoEditor/Engine/Binaries/Win64/X3DAudio1_7.dll" start="1687937" offset="1688074" size="24920" md5="b4ff2a39685c1a6d43f0e56eb350af3a"/>
			<Entry name="Client/WindowsNoEditor/HT/Binaries/Win64/api-ms-win-crt-string-l1-1-0.dll" start="1712994" offset="1713144" size="26216" md5="98b05e06c6ab62d854307a18e38626c0"/>
			<Entry name="Client/WindowsNoEditor/HT/Binaries/Win64/api-ms-win-crt-stdio-l1-1-0.dll" start="1739360" offset="1739509" size="26216" md5="c9103f6861fa14345cfb763189292cb4"/>
			<Entry name="Client/WindowsNoEditor/HT/Binaries/Win64/api-ms-win-crt-runtime-l1-1-0.dll" start="1765725" offset="1765876" size="26216" md5="bb6023337b1f327d65bd07c13ced515e"/>
			<Entry name="Client/WindowsNoEditor/HT/Binaries/Win64/api-ms-win-crt-convert-l1-1-0.dll" start="1792092" offset="1792243" size="26216" md5="48ba542c275d6ace740b4aa548157473"/>
			<Entry name="Client/WindowsNoEditor/Engine/Binaries/Win64/api-ms-win-crt-string-l1-1-0.dll" start="1818459" offset="1818613" size="26216" md5="98b05e06c6ab62d854307a18e38626c0"/>
			<Entry name="Client/WindowsNoEditor/Engine/Binaries/Win64/api-ms-win-crt-stdio-l1-1-0.dll" start="1844829" offset="1844982" size="26216" md5="c9103f6861fa14345cfb763189292cb4"/>
			<Entry name="Client/WindowsNoEditor/Engine/Binaries/Win64/api-ms-win-crt-runtime-l1-1-0.dll" start="1871198" offset="1871353" size="26216" md5="bb6023337b1f327d65bd07c13ced515e"/>
			<Entry name="Client/WindowsNoEditor/Engine/Binaries/Win64/api-ms-win-crt-convert-l1-1-0.dll" start="1897569" offset="1897724" size="26216" md5="48ba542c275d6ace740b4aa548157473"/>
			<Entry name="Client/WindowsNoEditor/HT/Binaries/Win64/api-ms-win-core-file-l1-1-0.dll" start="1923940" offset="1924089" size="26232" md5="8142799f92638d67267278d2fcab85e0"/>
			<Entry name="Client/WindowsNoEditor/Engine/Binaries/Win64/api-ms-win-core-file-l1-1-0.dll" start="1950321" offset="1950474" size="26232" md5="8142799f92638d67267278d2fcab85e0"/>
			<Entry name="Client/WindowsNoEditor/Engine/Binaries/ThirdParty/Vulkan/Win64/VkLayer_gfxreconstruct.json" start="1976706" offset="1976873" size="26716" md5="9e707501bb9e269b1ef2b6c6bcad0d88"/>
			<Entry name="Client/WindowsNoEditor/HT/Binaries/Win64/api-ms-win-crt-multibyte-l1-1-0.dll" start="2003589" offset="2003742" size="30328" md5="a6c2eecc89b696cb2e7aa52c08f3fecb"/>
			<Entry name="Client/WindowsNoEditor/HT/Binaries/Win64/api-ms-win-crt-math-l1-1-0.dll" start="2034070" offset="2034218" size="30328" md5="4c344ba3ea55d42a089abee91273bae3"/>
			<Entry name="Client/WindowsNoEditor/Engine/Binaries/Win64/api-ms-win-crt-multibyte-l1-1-0.dll" start="2064546" offset="2064703" size="30328" md5="a6c2eecc89b696cb2e7aa52c08f3fecb"/>
			<Entry name="Client/WindowsNoEditor/Engine/Binaries/Win64/api-ms-win-crt-math-l1-1-0.dll" start="2095031" offset="2095183" size="30328" md5="4c344ba3ea55d42a089abee91273bae3"/>
			<Entry name="Client/WindowsNoEditor/HT/Binaries/Win64/msvcp140_codecvt_ids.dll" start="2125511" offset="2125653" size="31856" md5="165308ee66d0b8f11ca20f3bcd410ea9"/>
			<Entry name="Client/WindowsNoEditor/Engine/Binaries/Win64/msvcp140_codecvt_ids.dll" start="2157509" offset="2157655" size="31856" md5="165308ee66d0b8f11ca20f3bcd410ea9"/>
			<Entry name="Client/WindowsNoEditor/HT/Binaries/Win64/boost_chrono-mt-x64.dll" start="2189511" offset="2189652" size="35328" md5="caa8b28148b7e2fcf6073c0244d9809c"/>
			<Entry name="Client/WindowsNoEditor/HT/Content/Paks/pakchunk3-Windows.sig" start="2224980" offset="2225117" size="35408" md5="d5a5101068d5c34cc52b3bc5576f4fce"/>
			<Entry name="Client/WindowsNoEditor/HT/Binaries/Win64/msvcp140_1.dll" start="2260525" offset="2260657" size="35920" md5="7b0a25eee764d8747f02cb3ed980f07a"/>
			<Entry name="Client/WindowsNoEditor/Engine/Binaries/Win64/msvcp140_1.dll" start="2296577" offset="2296713" size="35920" md5="7b0a25eee764d8747f02cb3ed980f07a"/>
			<Entry name="Client/WindowsNoEditor/Engine/Binaries/ThirdParty/Vorbis/Win64/VS2015/libvorbisfile_64.dll" start="2332633" offset="2332800" size="37888" md5="f453241dec90dbfa5b7322cc4a67a143"/>
			<Entry name="Client/WindowsNoEditor/HT/Binaries/Win64/vcruntime140_threads.dll" start="2370688" offset="2370830" size="38512" md5="5f533a0a43600153ecde78abaa7d614e"/>
			<Entry name="Client/WindowsNoEditor/Engine/Binaries/Win64/vcruntime140_threads.dll" start="2409342" offset="2409488" size="38512" md5="5f533a0a43600153ecde78abaa7d614e"/>
			<Entry name="Client/WindowsNoEditor/Engine/Binaries/ThirdParty/CEF3/Win64/snapshot_blob.bin" start="2448000" offset="2448155" size="48390" md5="86022b054628e3f079c0c8db40d0fe2f"/>
			<Entry name="Client/WindowsNoEditor/HT/Binaries/Win64/boost_iostreams-mt-x64.dll" start="2496545" offset="2496689" size="48640" md5="5f72f845162f07dd3476037e39ac31e6"/>
			<Entry name="Client/WindowsNoEditor/Engine/Binaries/ThirdParty/Ogg/Win64/VS2015/libogg_64.dll" start="2545329" offset="2545486" size="49152" md5="cd1f16736ccc5dd8c8ce8525957f4cfb"/>
			<Entry name="Client/WindowsNoEditor/HT/Binaries/Win64/vcruntime140_1.dll" start="2594638" offset="2594774" size="49744" md5="eb49c1d33b41eb49dfed58aafa9b9a8f"/>
			<Entry name="Client/WindowsNoEditor/Engine/Binaries/Win64/vcruntime140_1.dll" start="2644518" offset="2644658" size="49744" md5="eb49c1d33b41eb49dfed58aafa9b9a8f"/>
			<Entry name="Client/WindowsNoEditor/HT/Binaries/Win64/appstate.dll" start="2694402" offset="2694532" size="50176" md5="9e45fa6382a17ad17457f0bcfa3e8d87"/>
			<Entry name="Client/WindowsNoEditor/HT/Binaries/Win64/msvcp140_atomic_wait.dll" start="2744708" offset="2744850" size="50280" md5="6722344b74084d0af629283060716bae"/>
			<Entry name="Client/WindowsNoEditor/Engine/Binaries/Win64/msvcp140_atomic_wait.dll" start="2795130" offset="2795276" size="50280" md5="6722344b74084d0af629283060716bae"/>
			<Entry name="Client/WindowsNoEditor/HT/Binaries/Win64/webbrowser.dll" start="2845556" offset="2845688" size="51200" md5="9d2a941494d1b0eaedbc177318063cda"/>
			<Entry name="Client/WindowsNoEditor/HT/Binaries/Win64/pspay.dll" start="2896888" offset="2897015" size="51712" md5="2e2fbb995516fd4af3977bc9620f842e"/>
			<Entry name="Client/WindowsNoEditor/HT/Binaries/Win64/tbbmalloc.dll" start="2948727" offset="2948858" size="55296" md5="26a797b5812c7e06883fa5ee4de921aa"/>
			<Entry name="Client/WindowsNoEditor/Engine/Binaries/Win64/tbbmalloc.dll" start="3004154" offset="3004289" size="55296" md5="26a797b5812c7e06883fa5ee4de921aa"/>
			<Entry name="Client/WindowsNoEditor/Engine/Binaries/ThirdParty/Windows/WinPixEventRuntime/x64/WinPixEventRuntime.dll" start="3059585" offset="3059765" size="57040" md5="ba625ee835624a49de259fc32c52243c"/>
			<Entry name="Client/WindowsNoEditor/HT/Binaries/Win64/pfa.dll" start="3116805" offset="3116930" size="60928" md5="4d16286d974944c3294310db6d37b752"/>
			<Entry name="Client/WindowsNoEditor/HT/Binaries/Win64/webapi.dll" start="3177858" offset="3177986" size="69632" md5="2b4d1fd4610a11130532f6f8bf83feed"/>
			<Entry name="Client/WindowsNoEditor/Engine/Binaries/ThirdParty/Vulkan/Win64/VkLayer_khronos_validation.json" start="3247618" offset="3247789" size="70985" md5="e717b4085377089abe8292a6da20b509"/>
			<Entry name="Client/WindowsNoEditor/Engine/Binaries/ThirdParty/Vulkan/Win64/VkLayer_khronos_profiles.json" start="3318774" offset="3318943" size="73670" md5="489d7f85a6992c9195b7e15e5090eaa9"/>
			<Entry name="Client/WindowsNoEditor/HT/Binaries/Win64/boost_thread-mt-x64.dll" start="3392613" offset="3392754" size="74240" md5="e54b8fca16dfd8352068df4757d4c354"/>
			<Entry name="Client/WindowsNoEditor/HT/Binaries/Win64/api-ms-win-crt-private-l1-1-0.dll" start="3466994" offset="3467145" size="75368" md5="d93d91324a28653d8580420f347190bb"/>
			<Entry name="Client/WindowsNoEditor/Engine/Binaries/Win64/api-ms-win-crt-private-l1-1-0.dll" start="3542513" offset="3542668" size="75368" md5="d93d91324a28653d8580420f347190bb"/>
			<Entry name="Client/WindowsNoEditor/HT/Binaries/Win64/XAPOFX1_5.dll" start="3618036" offset="3618167" size="77656" md5="e9739ae8b2fa28dcd6f2ef5525da8827"/>
			<Entry name="Client/WindowsNoEditor/Engine/Binaries/Win64/XAPOFX1_5.dll" start="3695823" offset="3695958" size="77656" md5="e9739ae8b2fa28dcd6f2ef5525da8827"/>
			<Entry name="Client/WindowsNoEditor/HT/Binaries/Win64/xinput1_3.dll" start="3773614" offset="3773745" size="107368" md5="bfb3091b167550ec6e6454813d3db244"/>
			<Entry name="Client/WindowsNoEditor/Engine/Binaries/Win64/xinput1_3.dll" start="3881113" offset="3881248" size="107368" md5="bfb3091b167550ec6e6454813d3db244"/>
			<Entry name="Client/WindowsNoEditor/HT/Binaries/Win64/vcruntime140.dll" start="3988616" offset="3988750" size="119376" md5="e9b690fbe5c4b96871214379659dd928"/>
			<Entry name="Client/WindowsNoEditor/Engine/Binaries/Win64/vcruntime140.dll" start="4108126" offset="4108264" size="119376" md5="e9b690fbe5c4b96871214379659dd928"/>
			<Entry name="Client/WindowsNoEditor/HT/Plugins/Wwise/ThirdParty/x64_vc170/Release/bin/AkSilenceGenerator.dll" start="4227640" offset="4227812" size="123712" md5="5c1e6d010ab1ddb418799addb901751c"/>
			<Entry name="Client/WindowsNoEditor/HT/Plugins/Wwise/ThirdParty/x64_vc170/Profile/bin/AkSilenceGenerator.dll" start="4351524" offset="4351696" size="123712" md5="b6f40c059ea3e2ab69bf3056e2e84f87"/>
			<Entry name="Client/WindowsNoEditor/HT/Plugins/Wwise/ThirdParty/x64_vc170/Release/bin/Ak3DAudioBedMixer.dll" start="4475408" offset="4475579" size="127296" md5="9a6e0c74f2ae22eaa24c651a739212a7"/>
			<Entry name="Client/WindowsNoEditor/HT/Plugins/Wwise/ThirdParty/x64_vc170/Profile/bin/Ak3DAudioBedMixer.dll" start="4602875" offset="4603046" size="127296" md5="875c89152d899fa72a417a2bfaaddd11"/>
			<Entry name="Client/WindowsNoEditor/HT/Binaries/Win64/WPGlobalSDK_64.dll" start="4730342" offset="4730478" size="127488" md5="0f504f041edc5d00a5d12e3729ef95f6"/>
			<Entry name="Client/WindowsNoEditor/HT/Binaries/Win64/apithrottle.dll" start="4857966" offset="4858099" size="128512" md5="3a281c75f647ec45d0c7f6951a376ed4"/>
			<Entry name="Client/WindowsNoEditor/HT/Binaries/Win64/WPOneSDK_64.dll" start="4986611" offset="4986744" size="128512" md5="14057bfd9cd977e9c3fdb179d49646f8"/>
			<Entry name="Client/WindowsNoEditor/HT/Plugins/Wwise/ThirdParty/x64_vc170/Release/bin/AkGain.dll" start="5115256" offset="5115416" size="131904" md5="d4f7a21c6250d1460cbf80de09bff882"/>
			<Entry name="Client/WindowsNoEditor/HT/Plugins/Wwise/ThirdParty/x64_vc170/Profile/bin/AkGain.dll" start="5247320" offset="5247480" size="131904" md5="c8e59bb468e751e0d92773d0d77fcef1"/>
			<Entry name="Client/WindowsNoEditor/HT/Plugins/Wwise/ThirdParty/x64_vc170/Release/bin/AkSineTone.dll" start="5379384" offset="5379548" size="132416" md5="edfb9ffe327e94499dd306779e9384a2"/>
			<Entry name="Client/WindowsNoEditor/HT/Plugins/Wwise/ThirdParty/x64_vc170/Release/bin/AkRecorder.dll" start="5511964" offset="5512128" size="132416" md5="23d8bc5e0423632b71d4522dca6f0537"/>
			<Entry name="Client/WindowsNoEditor/HT/Plugins/Wwise/ThirdParty/x64_vc170/Release/bin/AkAudioInput.dll" start="5644544" offset="5644710" size="132416" md5="61eae810de93bce96110aba62694dbd3"/>
			<Entry name="Client/WindowsNoEditor/HT/Plugins/Wwise/ThirdParty/x64_vc170/Profile/bin/AkSineTone.dll" start="5777126" offset="5777290" size="132416" md5="73da8c6d1256a743e88d289af978f369"/>
			<Entry name="Client/WindowsNoEditor/HT/Plugins/Wwise/ThirdParty/x64_vc170/Profile/bin/AkRecorder.dll" start="5909706" offset="5909870" size="132416" md5="5fa117b23366f65f41c316922712b016"/>
			<Entry name="Client/WindowsNoEditor/HT/Plugins/Wwise/ThirdParty/x64_vc170/Profile/bin/AkAudioInput.dll" start="6042286" offset="6042452" size="132416" md5="58a9a6195c92352a2415589e5337cc91"/>
			<Entry name="Client/WindowsNoEditor/HT/Plugins/Wwise/ThirdParty/x64_vc170/Release/bin/AkDelay.dll" start="6174868" offset="6175029" size="137024" md5="6ede378e081bb313c810f9d7a1989d67"/>
			<Entry name="Client/WindowsNoEditor/HT/Plugins/Wwise/ThirdParty/x64_vc170/Profile/bin/AkDelay.dll" start="6312053" offset="6312214" size="137024" md5="8df1fed46547d8108d65195269eca4a4"/>
			<Entry name="Client/WindowsNoEditor/HT/Plugins/Wwise/ThirdParty/x64_vc170/Release/bin/AkPeakLimiter.dll" start="6449238" offset="6449405" size="140096" md5="8a4a1c97d3c1369c82be139f363ce699"/>
			<Entry name="Client/WindowsNoEditor/HT/Binaries/Win64/boost_filesystem-mt-x64.dll" start="6589501" offset="6589646" size="140288" md5="909cb0dd75f2e7f9296e79662753526c"/>
			<Entry name="Client/WindowsNoEditor/HT/Plugins/Wwise/ThirdParty/x64_vc170/Profile/bin/AkPeakLimiter.dll" start="6729934" offset="6730101" size="140608" md5="ea38b2a5cdec35445d851e12eda41359"/>
			<Entry name="Client/WindowsNoEditor/HT/Plugins/Wwise/ThirdParty/x64_vc170/Release/bin/AkExpander.dll" start="6870709" offset="6870873" size="148800" md5="b623dd7dede961effc4a8532e08c1ac5"/>
			<Entry name="Client/WindowsNoEditor/HT/Plugins/Wwise/ThirdParty/x64_vc170/Release/bin/AkCompressor.dll" start="7019673" offset="7019839" size="148800" md5="42fd6c07b78ae8bf27f44feb7af8591d"/>
			<Entry name="Client/WindowsNoEditor/HT/Plugins/Wwise/ThirdParty/x64_vc170/Profile/bin/AkExpander.dll" start="7168639" offset="7168803" size="150336" md5="33bda69d93f544d35c9bc93b572bb55c"/>
			<Entry name="Client/WindowsNoEditor/HT/Plugins/Wwise/ThirdParty/x64_vc170/Profile/bin/AkCompressor.dll" start="7319139" offset="7319305" size="150336" md5="685788c5c81b70bf7a70d6624a026897"/>
			<Entry name="Client/WindowsNoEditor/HT/Plugins/Wwise/ThirdParty/x64_vc170/Release/bin/AkToneGen.dll" start="7469641" offset="7469804" size="152384" md5="55ebeea77e475e292d3ef7d82a85e103"/>
			<Entry name="Client/WindowsNoEditor/HT/Plugins/Wwise/ThirdParty/x64_vc170/Profile/bin/AkToneGen.dll" start="7622188" offset="7622351" size="152384" md5="076693adeedae939151716a69739f596"/>
			<Entry name="Client/WindowsNoEditor/HT/Plugins/Wwise/ThirdParty/x64_vc170/Release/bin/AkTremolo.dll" start="7774735" offset="7774898" size="156480" md5="c3570213a7fbf9d7554d2294db776c91"/>
			<Entry name="Client/WindowsNoEditor/HT/Plugins/Wwise/ThirdParty/x64_vc170/Profile/bin/AkTremolo.dll" start="7931378" offset="7931541" size="156480" md5="db9fd16bc2b0e4d41ff984857e8dc617"/>
			<Entry name="Client/WindowsNoEditor/HT/Plugins/Wwise/ThirdParty/x64_vc170/Release/bin/AkFlanger.dll" start="8088021" offset="8088184" size="158528" md5="2ba53ae71b98f03daf612bbad9f83b8a"/>
			<Entry name="Client/WindowsNoEditor/HT/Plugins/Wwise/ThirdParty/x64_vc170/Profile/bin/AkFlanger.dll" start="8246712" offset="8246875" size="158528" md5="f6a4f06dca70d16adf20190f1e613387"/>
			<Entry name="Client/WindowsNoEditor/HT/Plugins/Wwise/ThirdParty/x64_vc170/Release/bin/AkParametricEQ.dll" start="8405403" offset="8405571" size="160576" md5="52428d8d72f51dfff4551e3417ae1eee"/>
			<Entry name="Client/WindowsNoEditor/HT/Plugins/Wwise/ThirdParty/x64_vc170/Profile/bin/AkParametricEQ.dll" start="8566147" offset="8566315" size="160576" md5="7325f3ee76c54a5b031a20c64adb5621"/>
			<Entry name="Client/WindowsNoEditor/Engine/Binaries/ThirdParty/CEF3/Win64/v8_context_snapshot.bin" start="8726891" offset="8727052" size="165509" md5="dbca662006c4a767c50614ff65c49ef0"/>
			<Entry name="Client/WindowsNoEditor/HT/Plugins/Wwise/ThirdParty/x64_vc170/Release/bin/AkPitchShifter.dll" start="8892561" offset="8892729" size="166720" md5="8975737560ae45a03e069c6db820eb2f"/>
			<Entry name="Client/WindowsNoEditor/HT/Plugins/Wwise/ThirdParty/x64_vc170/Profile/bin/AkPitchShifter.dll" start="9059449" offset="9059617" size="166720" md5="30323618780471d49b01e6f35d8e45dd"/>
			<Entry name="Client/WindowsNoEditor/Engine/Plugins/Runtime/Nvidia/Streamline/Binaries/ThirdParty/Win64/sl.pcl.dll" start="9226337" offset="9226514" size="167896" md5="f903e6d6d1858103d4a4b535a56e0f44"/>
			<Entry name="Client/WindowsNoEditor/HT/Plugins/Wwise/ThirdParty/x64_vc170/Release/bin/AkGuitarDistortion.dll" start="9394410" offset="9394582" size="171840" md5="1199d42e22807097c563c0bf955d8da2"/>
			<Entry name="Client/WindowsNoEditor/HT/Plugins/Wwise/ThirdParty/x64_vc170/Profile/bin/AkGuitarDistortion.dll" start="9566422" offset="9566594" size="171840" md5="693d9c3b7044dbaf5e24b4fb7162cca3"/>
			<Entry name="Client/WindowsNoEditor/HT/Plugins/Wwise/ThirdParty/x64_vc170/Release/bin/AkStereoDelay.dll" start="9738434" offset="9738601" size="173376" md5="82b4d6923b567e79d93088eb58c02135"/>
			<Entry name="Client/WindowsNoEditor/HT/Plugins/Wwise/ThirdParty/x64_vc170/Profile/bin/AkStereoDelay.dll" start="9911977" offset="9912144" size="173376" md5="1eb303692aa5900f8f9e602854cc7e9b"/>
			<Entry name="Client/WindowsNoEditor/Engine/Plugins/Runtime/Nvidia/Streamline/Binaries/ThirdParty/Win64/sl.reflex.dll" start="10085520" offset="10085700" size="177120" md5="4f09972810fd031efc1a37c1a2ac18df"/>
			<Entry name="Client/WindowsNoEditor/Engine/Extras/GPUDumpViewer/GPUDumpViewer.html" start="10262820" offset="10262966" size="177470" md5="6a140af63d63c8bd4379f6dbadb8670c"/>
			<Entry name="Client/WindowsNoEditor/HT/Plugins/Wwise/ThirdParty/x64_vc170/Release/bin/AkSynthOne.dll" start="10440436" offset="10440600" size="177472" md5="0d631c1567540af1957dc9d984e622c5"/>
			<Entry name="Client/WindowsNoEditor/HT/Plugins/Wwise/ThirdParty/x64_vc170/Profile/bin/AkSynthOne.dll" start="10618072" offset="10618236" size="177472" md5="4075de1b9d89b4f97882c40deaccf6a1"/>
			<Entry name="Client/WindowsNoEditor/HT/Content/Paks/pakchunk0-Windows.sig" start="10795708" offset="10795845" size="184872" md5="3ad1556bf0937908d2506429df5a0846"/>
			<Entry name="Client/WindowsNoEditor/Engine/Plugins/Runtime/Nvidia/Streamline/Binaries/ThirdParty/Win64/sl.deepdvc.dll" start="10980717" offset="10980898" size="186848" md5="c73d564404dd35a8656f73628615d665"/>
			<Entry name="Client/WindowsNoEditor/HT/Binaries/Win64/boost_python39-mt-x64.dll" start="11167746" offset="11167889" size="192000" md5="45b765c81f32e15f1df860b8b388ed8d"/>
			<Entry name="Client/WindowsNoEditor/HT/Binaries/Win64/boost_python311-mt-x64.dll" start="11359889" offset="11360033" size="192512" md5="f65d289f66265f36778d8c64fb5b1b70"/>
			<Entry name="Client/WindowsNoEditor/HT/Plugins/Wwise/ThirdParty/x64_vc170/Release/bin/AkMatrixReverb.dll" start="11552545" offset="11552713" size="198464" md5="bd028ccc1a2d8bd15da4d9dfb2967fea"/>
			<Entry name="Client/WindowsNoEditor/HT/Plugins/Wwise/ThirdParty/x64_vc170/Profile/bin/AkMatrixReverb.dll" start="11751177" offset="11751345" size="198464" md5="914f9f7fb5890a97be30e8cf6160bab6"/>
			<Entry name="Client/WindowsNoEditor/Engine/Plugins/Runtime/Nvidia/Streamline/Binaries/ThirdParty/Win64/Development/sl.pcl.dll" start="11949809" offset="11949998" size="201696" md5="a28982295385217b658228eaa8ff4258"/>
			<Entry name="Client/WindowsNoEditor/HT/Binaries/Win64/wmz.dll" start="12151694" offset="12151819" size="202240" md5="61299c3dbe01546115a32eda4f033dfc"/>
			<Entry name="Client/WindowsNoEditor/HT/Plugins/Wwise/ThirdParty/x64_vc170/Release/bin/AkReflect.dll" start="12354059" offset="12354222" size="203072" md5="7c744a586f8c3fed2a4b045ae7228585"/>
			<Entry name="Client/WindowsNoEditor/HT/Plugins/Wwise/ThirdParty/x64_vc170/Release/bin/AkSoundSeedAir.dll" start="12557294" offset="12557462" size="204608" md5="4c0504b816c2cf9a01cd949c9cf11b18"/>
			<Entry name="Client/WindowsNoEditor/HT/Plugins/Wwise/ThirdParty/x64_vc170/Profile/bin/AkReflect.dll" start="12762070" offset="12762233" size="206144" md5="d726d9d73e2b11bf332354ef28bcf909"/>
			<Entry name="Client/WindowsNoEditor/Engine/Binaries/ThirdParty/Vulkan/Win64/VkLayer_khronos_synchronization2.dll" start="12968377" offset="12968553" size="206448" md5="c997cceafa703ab6ed5841a12f760b0c"/>
			<Entry name="Client/WindowsNoEditor/HT/Plugins/Wwise/ThirdParty/x64_vc170/Profile/bin/AkSoundSeedAir.dll" start="13175001" offset="13175169" size="208704" md5="7637fdbabdd46927d85bb6a524b09628"/>
			<Entry name="Client/WindowsNoEditor/HT/Binaries/Win64/tbb.dll" start="13383873" offset="13383998" size="213504" md5="b3ba3b550f4ad8a23126cf040d396bf6"/>
			<Entry name="Client/WindowsNoEditor/Engine/Binaries/Win64/tbb.dll" start="13597502" offset="13597631" size="213504" md5="b3ba3b550f4ad8a23126cf040d396bf6"/>
			<Entry name="Client/WindowsNoEditor/Engine/Plugins/Runtime/Nvidia/Streamline/Binaries/ThirdParty/Win64/Development/sl.reflex.dll" start="13811135" offset="13811327" size="218592" md5="423c5558a72dafca92785a72feec7ed6"/>
			<Entry name="Client/WindowsNoEditor/HT/Plugins/Wwise/ThirdParty/x64_vc170/Release/bin/AkMotion.dll" start="14029919" offset="14030081" size="220992" md5="79c3924be21ea50e64721966b85e0e0f"/>
			<Entry name="Client/WindowsNoEditor/HT/Plugins/Wwise/ThirdParty/x64_vc170/Profile/bin/AkMotion.dll" start="14251073" offset="14251235" size="229184" md5="0d3e2df1784e48b49a32c4d76f96e36e"/>
			<Entry name="Client/WindowsNoEditor/Engine/Plugins/Runtime/Nvidia/Streamline/Binaries/ThirdParty/Win64/Development/sl.deepdvc.dll" start="14480419" offset="14480612" size="230872" md5="202f5e054def19454debc82d57a547aa"/>
			<Entry name="Client/WindowsNoEditor/HT/Plugins/Wwise/ThirdParty/x64_vc170/Release/bin/AkConvolutionReverb.dll" start="14711484" offset="14711657" size="233792" md5="bc7574a9ee109c25d91618d0ba37d36d"/>
			<Entry name="Client/WindowsNoEditor/HT/Binaries/Win64/boost_regex-mt-x64.dll" start="14945449" offset="14945589" size="234496" md5="3538715da788b89d0a11090d16638149"/>
			<Entry name="Client/WindowsNoEditor/HT/Plugins/Wwise/ThirdParty/x64_vc170/Release/bin/AkHarmonizer.dll" start="15180085" offset="15180251" size="236352" md5="95af638636588814e3a742727afb13c5"/>
			<Entry name="Client/WindowsNoEditor/HT/Plugins/Wwise/ThirdParty/x64_vc170/Profile/bin/AkHarmonizer.dll" start="15416603" offset="15416769" size="236352" md5="b39375416139fa79c06d8a4fea5f9b67"/>
			<Entry name="Client/WindowsNoEditor/HT/Plugins/Wwise/ThirdParty/x64_vc170/Release/bin/TencentGME.dll" start="15653121" offset="15653285" size="238400" md5="4edd98bb9a31041e1f933b9530c50bfb"/>
			<Entry name="Client/WindowsNoEditor/HT/Plugins/Wwise/ThirdParty/x64_vc170/Release/bin/AkTimeStretch.dll" start="15891685" offset="15891852" size="244032" md5="4807dec8f5f72dc71bb1a92ed81ee301"/>
			<Entry name="Client/WindowsNoEditor/HT/Plugins/Wwise/ThirdParty/x64_vc170/Profile/bin/AkTimeStretch.dll" start="16135884" offset="16136051" size="244032" md5="c58adb26193653e65e03f1f1406806d9"/>
			<Entry name="Client/WindowsNoEditor/HT/Binaries/Win64/WPLauncherSDK_64.dll" start="16380083" offset="16380221" size="246784" md5="d4a7818c02155fd920337014b3ba4517"/>
			<Entry name="Client/WindowsNoEditor/HT/Plugins/Wwise/ThirdParty/x64_vc170/Profile/bin/TencentGME.dll" start="16627005" offset="16627169" size="247616" md5="d5c22033d6ebf1b0384eafe87850eb40"/>
			<Entry name="Client/WindowsNoEditor/HT/Plugins/Wwise/ThirdParty/x64_vc170/Release/bin/AkRoomVerb.dll" start="16874785" offset="16874949" size="250176" md5="e64933c5bdab758ece86cb47655b6fd5"/>
			<Entry name="Client/WindowsNoEditor/HT/Plugins/Wwise/ThirdParty/x64_vc170/Profile/bin/AkRoomVerb.dll" start="17125125" offset="17125289" size="250176" md5="6da3e382c4918bccff793ba3e366d0ae"/>
			<Entry name="Client/WindowsNoEditor/Engine/Binaries/ThirdParty/CEF3/Win64/Resources/locales/en-GB.pak" start="17375465" offset="17375630" size="258784" md5="458fd955bb57f4ba8c1b7ece1984aa7c"/>
			<Entry name="Client/WindowsNoEditor/HT/Plugins/Wwise/ThirdParty/x64_vc170/Release/bin/CrankcaseAudioREVModelPlayer.dll" start="17634414" offset="17634596" size="258880" md5="0a8068a821faebd132aad535b6388c98"/>
			<Entry name="Client/WindowsNoEditor/HT/Plugins/Wwise/ThirdParty/x64_vc170/Profile/bin/CrankcaseAudioREVModelPlayer.dll" start="17893476" offset="17893658" size="258880" md5="83ca6278b14e46154a90ea17fca12a27"/>
			<Entry name="Client/WindowsNoEditor/Engine/Content/Renderer/TessellationTable.bin" start="18152538" offset="18152683" size="259568" md5="bc5d66a78840bfaff5bfc362de64afb8"/>
			<Entry name="Client/WindowsNoEditor/HT/Plugins/Wwise/ThirdParty/x64_vc170/Release/bin/MasteringSuite.dll" start="18412251" offset="18412419" size="259904" md5="1360060d56b4a7d8656adb7b674c8989"/>
			<Entry name="Client/WindowsNoEditor/HT/Plugins/Wwise/ThirdParty/x64_vc170/Profile/bin/AkConvolutionReverb.dll" start="18672323" offset="18672496" size="260416" md5="9227a8477053f1b1b10058381d3e668e"/>
			<Entry name="Client/WindowsNoEditor/Engine/Binaries/ThirdParty/CEF3/Win64/Resources/locales/en-US.pak" start="18932912" offset="18933077" size="262167" md5="90a7c0c53ecda606c48d66eb9621469f"/>
			<Entry name="Client/WindowsNoEditor/Engine/Binaries/ThirdParty/CEF3/Win64/Resources/locales/zh-TW.pak" start="19195244" offset="19195409" size="263978" md5="83cf11d532ddded908fb8feb6b702b89"/>
			<Entry name="Client/WindowsNoEditor/Engine/Binaries/ThirdParty/CEF3/Win64/Resources/locales/zh-CN.pak" start="19459387" offset="19459552" size="265445" md5="2ffbccab500c49a760a23814e5bd366a"/>
			<Entry name="Client/WindowsNoEditor/HT/Plugins/Wwise/ThirdParty/x64_vc170/Profile/bin/MasteringSuite.dll" start="19724997" offset="19725165" size="267584" md5="776ab38e134d09b1afce3dc178256061"/>
			<Entry name="Client/WindowsNoEditor/HT/Binaries/Win64/msvcp140_2.dll" start="19992749" offset="19992881" size="268392" md5="aa0148e20d34c10e01a4a9e1bab1d058"/>
			<Entry name="Client/WindowsNoEditor/Engine/Binaries/Win64/msvcp140_2.dll" start="20261273" offset="20261409" size="268392" md5="aa0148e20d34c10e01a4a9e1bab1d058"/>
			<Entry name="Client/WindowsNoEditor/Engine/Binaries/ThirdParty/CEF3/Win64/Resources/locales/id.pak" start="20529801" offset="20529963" size="279996" md5="a7dbd9246cbdae1447753d6326aaa7f3"/>
			<Entry name="Client/WindowsNoEditor/Engine/Binaries/ThirdParty/CEF3/Win64/Resources/locales/et.pak" start="20809959" offset="20810121" size="282645" md5="a3774afbfa0a780af02bbc8e7d3fff2e"/>
			<Entry name="Client/WindowsNoEditor/Engine/Binaries/ThirdParty/CEF3/Win64/Resources/locales/nb.pak" start="21092766" offset="21092928" size="286157" md5="1c6ce46b2b662bced3460e7de1893b43"/>
			<Entry name="Client/WindowsNoEditor/Engine/Binaries/ThirdParty/CEF3/Win64/Resources/locales/sv.pak" start="21379085" offset="21379247" size="287757" md5="b60f4cdcde2712460728c318ecd11f4e"/>
			<Entry name="Client/WindowsNoEditor/Engine/Binaries/ThirdParty/CEF3/Win64/Resources/locales/fi.pak" start="21667004" offset="21667166" size="290495" md5="43ba10a1a67769457ac86f0538b56ce9"/>
			<Entry name="Client/WindowsNoEditor/Engine/Binaries/ThirdParty/CEF3/Win64/Resources/locales/ms.pak" start="21957661" offset="21957823" size="292221" md5="c1f5cccd0a9ce79700d8a1f138fee2db"/>
			<Entry name="Client/WindowsNoEditor/HT/Binaries/Win64/tbb12.dll" start="22250044" offset="22250171" size="293376" md5="77eac9db2ccaac1708a3a678254e6725"/>
			<Entry name="Client/WindowsNoEditor/Engine/Binaries/ThirdParty/CEF3/Win64/Resources/locales/da.pak" start="22543547" offset="22543709" size="293792" md5="dbf67fff020b8f977c6eb83a5ada9ba4"/>
			<Entry name="Client/WindowsNoEditor/Engine/Binaries/ThirdParty/CEF3/Win64/Resources/locales/sw.pak" start="22837501" offset="22837663" size="295655" md5="c2eacfed7055cf089ef4eef0319da36a"/>
			<Entry name="Client/WindowsNoEditor/Engine/Binaries/ThirdParty/CEF3/Win64/Resources/locales/nl.pak" start="23133318" offset="23133480" size="295863" md5="77fedb396ef1a078c815bfe2ee70209e"/>
			<Entry name="Client/WindowsNoEditor/Engine/Binaries/ThirdParty/CEF3/Win64/Resources/locales/tr.pak" start="23429343" offset="23429505" size="306063" md5="4d83210379212cbf810d748e70503056"/>
			<Entry name="Client/WindowsNoEditor/Engine/Binaries/ThirdParty/CEF3/Win64/Resources/locales/it.pak" start="23735568" offset="23735730" size="307951" md5="7e53e5ce0f0ed1c148ddd4bfad667b34"/>
			<Entry name="Client/WindowsNoEditor/Engine/Binaries/ThirdParty/CEF3/Win64/Resources/locales/pt-BR.pak" start="24043681" offset="24043846" size="308037" md5="b0c6bf050ee8560dceb99f7f941b65b5"/>
			<Entry name="Client/WindowsNoEditor/Engine/Binaries/ThirdParty/CEF3/Win64/Resources/locales/es-419.pak" start="24351883" offset="24352049" size="312442" md5="6a53f36223df445dfe277b1d20a1b77a"/>
			<Entry name="Client/WindowsNoEditor/Engine/Binaries/ThirdParty/CEF3/Win64/Resources/locales/pt-PT.pak" start="24664491" offset="24664656" size="312611" md5="3f92231602c23966a77a8aca67f47c8f"/>
			<Entry name="Client/WindowsNoEditor/Engine/Binaries/ThirdParty/CEF3/Win64/Resources/locales/hr.pak" start="24977267" offset="24977429" size="313044" md5="496b0eafb9d70a574bf0ed7ec0981df5"/>
			<Entry name="Client/WindowsNoEditor/Engine/Binaries/ThirdParty/CEF3/Win64/Resources/locales/es.pak" start="25290473" offset="25290635" size="315159" md5="b95524a75d20ae0b552f56ce20e6c6ed"/>
			<Entry name="Client/WindowsNoEditor/Engine/Binaries/ThirdParty/CEF3/Win64/Resources/locales/de.pak" start="25605794" offset="25605956" size="316037" md5="48b63a9e963bba1fa1114f864eaea3b3"/>
			<Entry name="Client/WindowsNoEditor/Engine/Binaries/ThirdParty/CEF3/Win64/Resources/locales/sl.pak" start="25921993" offset="25922155" size="316275" md5="e230d7ec7fe70fb9437fa0f3e6cb9273"/>
			<Entry name="Client/WindowsNoEditor/Engine/Binaries/ThirdParty/CEF3/Win64/Resources/locales/ca.pak" start="26238430" offset="26238592" size="318594" md5="b5ccbd77605b7cdc145ed67b518da41f"/>
			<Entry name="Client/WindowsNoEditor/Engine/Binaries/ThirdParty/CEF3/Win64/Resources/locales/ko.pak" start="26557186" offset="26557348" size="318635" md5="18674de0b16be676410983a14f4f4612"/>
			<Entry name="Client/WindowsNoEditor/Engine/Binaries/ThirdParty/CEF3/Win64/Resources/locales/ro.pak" start="26875983" offset="26876145" size="320345" md5="5060adb00536f7955bde136d42a0e956"/>
			<Entry name="Client/WindowsNoEditor/HT/Binaries/Win64/concrt140.dll" start="27196490" offset="27196621" size="322672" md5="9485d003573e0eaf7952ab23cc82ef7b"/>
			<Entry name="Client/WindowsNoEditor/Engine/Binaries/Win64/concrt140.dll" start="27519293" offset="27519428" size="322672" md5="9485d003573e0eaf7952ab23cc82ef7b"/>
			<Entry name="Client/WindowsNoEditor/Engine/Binaries/ThirdParty/CEF3/Win64/Resources/locales/fil.pak" start="27842100" offset="27842263" size="325067" md5="f9cfb40f6bf2bec048a5e528d41ddb3c"/>
			<Entry name="Client/WindowsNoEditor/Engine/Binaries/ThirdParty/CEF3/Win64/Resources/locales/pl.pak" start="28167330" offset="28167492" size="325355" md5="df826bb020ab7f6ab269cc16bf413ea7"/>
			<Entry name="Client/WindowsNoEditor/Engine/Binaries/ThirdParty/CEF3/Win64/Resources/locales/cs.pak" start="28492847" offset="28493009" size="325971" md5="eb11415a7c49ff67a7eec63945f2ce74"/>
			<Entry name="Client/WindowsNoEditor/Engine/Binaries/ThirdParty/CEF3/Win64/Resources/locales/sk.pak" start="28818980" offset="28819142" size="331329" md5="ecc4fcc7d8ac383fc8b29a2243bc729d"/>
			<Entry name="Client/WindowsNoEditor/Engine/Binaries/ThirdParty/CEF3/Win64/Resources/locales/lv.pak" start="29150471" offset="29150633" size="334614" md5="6f61733994c4e7396f26884edc23e663"/>
			<Entry name="Client/WindowsNoEditor/Engine/Binaries/ThirdParty/CEF3/Win64/Resources/locales/hu.pak" start="29485247" offset="29485409" size="336131" md5="8cbaf4c42722a8dfafc1f163a4e77d55"/>
			<Entry name="Client/WindowsNoEditor/Engine/Binaries/ThirdParty/CEF3/Win64/Resources/locales/lt.pak" start="29821540" offset="29821702" size="337360" md5="6fe4f372d1a88c446ab949520cd73ff4"/>
			<Entry name="Client/WindowsNoEditor/Engine/Binaries/ThirdParty/CEF3/Win64/Resources/locales/fr.pak" start="30159062" offset="30159224" size="343306" md5="f90a48e4af5d40522cf5ba3e114913cd"/>
			<Entry name="Client/WindowsNoEditor/HT/Binaries/Win64/vccorlib140.dll" start="30502530" offset="30502663" size="348784" md5="e3e6aa23df3c78b29b0ee90e2712fc7e"/>
			<Entry name="Client/WindowsNoEditor/Engine/Binaries/Win64/vccorlib140.dll" start="30851447" offset="30851584" size="348784" md5="e3e6aa23df3c78b29b0ee90e2712fc7e"/>
			<Entry name="Client/WindowsNoEditor/HT/Binaries/Win64/boost_program_options-mt-x64.dll" start="31200368" offset="31200518" size="351232" md5="03d9bef577cdb5c2ac9ae75e60d61477"/>
			<Entry name="Client/WindowsNoEditor/Engine/Binaries/ThirdParty/CEF3/Win64/Resources/locales/vi.pak" start="31551750" offset="31551912" size="359978" md5="bdfe79afd9c2eea9db6cb43404efd10f"/>
			<Entry name="Client/WindowsNoEditor/Engine/Binaries/ThirdParty/CEF3/Win64/Resources/locales/ja.pak" start="31911890" offset="31912052" size="380325" md5="eea0ce087807d0c1901f0ef463cb6f4e"/>
			<Entry name="Client/WindowsNoEditor/HT/Binaries/Win64/global.dll" start="32292377" offset="32292505" size="389632" md5="208efffa8ba32c18570bf37293f6b316"/>
			<Entry name="Client/WindowsNoEditor/Engine/Binaries/ThirdParty/CEF3/Win64/Resources/locales/he.pak" start="32682137" offset="32682299" size="397651" md5="f9f21c518a726e679c687759564062eb"/>
			<Entry name="Client/WindowsNoEditor/Engine/Binaries/ThirdParty/CEF3/Win64/libEGL.dll" start="33079950" offset="33080098" size="403968" md5="d4e407625cc8cd005866905b86cca2a9"/>
			<Entry name="Client/WindowsNoEditor/Engine/Binaries/ThirdParty/CEF3/Win64/Resources/swiftshader/libEGL.dll" start="33484066" offset="33484236" size="421888" md5="9eada272c5be1659523be7b6c4b65459"/>
			<Entry name="Client/WindowsNoEditor/Engine/Plugins/Runtime/Nvidia/Streamline/Binaries/ThirdParty/Win64/sl.dlss_g.dll" start="33906124" offset="33906304" size="439264" md5="0ece0f5363a055acc46e013f60ae8d76"/>
			<Entry name="Client/WindowsNoEditor/HT/Binaries/Win64/analysis.dll" start="34345568" offset="34345698" size="447488" md5="4634b7fe3a28141884cc7b04487f3667"/>
			<Entry name="Client/WindowsNoEditor/Engine/Binaries/ThirdParty/CEF3/Win64/Resources/locales/am.pak" start="34793186" offset="34793348" size="452150" md5="3143227da913e2e17ee1c06515d14999"/>
			<Entry name="Client/WindowsNoEditor/Engine/Binaries/ThirdParty/CEF3/Win64/Resources/locales/fa.pak" start="35245498" offset="35245660" size="455382" md5="c2c0be35cca79c3b083172ba8f6e1bce"/>
			<Entry name="Client/WindowsNoEditor/Engine/Binaries/ThirdParty/CEF3/Win64/Resources/locales/ar.pak" start="35701042" offset="35701204" size="478581" md5="15903ea3a62c0521d4fb26e8c789cb79"/>
			<Entry name="Client/WindowsNoEditor/Engine/Plugins/Runtime/Nvidia/Streamline/Binaries/ThirdParty/Win64/Development/sl.dlss_g.dll" start="36179785" offset="36179977" size="486368" md5="ddbe275feea6b4176e42c7b4a6785a5a"/>
			<Entry name="Client/WindowsNoEditor/Engine/Binaries/ThirdParty/CEF3/Win64/Resources/locales/sr.pak" start="36666345" offset="36666507" size="487444" md5="29e6ae8c57f684caee75ce292d8e947f"/>
			<Entry name="Client/WindowsNoEditor/Engine/Binaries/ThirdParty/CEF3/Win64/Resources/locales/uk.pak" start="37153951" offset="37154113" size="512486" md5="7accb66081b07793b85f49bd98049a26"/>
			<Entry name="Client/WindowsNoEditor/Engine/Binaries/ThirdParty/CEF3/Win64/Resources/locales/ru.pak" start="37666599" offset="37666761" size="513810" md5="9c8edf9d0a330f3d6b50e194b14278f1"/>
			<Entry name="Client/WindowsNoEditor/Engine/Binaries/ThirdParty/CEF3/Win64/Resources/locales/bg.pak" start="38180571" offset="38180733" size="515618" md5="68be7ea62606849b36dc4101db9ff6f5"/>
			<Entry name="Client/WindowsNoEditor/HT/Binaries/Win64/XAudio2_7.dll" start="38696351" offset="38696482" size="518488" md5="4f7513ff4de6303088db28dcbcef372c"/>
			<Entry name="Client/WindowsNoEditor/Engine/Binaries/Win64/XAudio2_7.dll" start="39214970" offset="39215105" size="518488" md5="4f7513ff4de6303088db28dcbcef372c"/>
			<Entry name="Client/WindowsNoEditor/HT/Plugins/FFMPEGMedia/ThirdParty/ffmpeg/bin/vs/x64/postproc-55.dll" start="39733593" offset="39733760" size="524800" md5="0b0a1859ec86cce80644db6ce21599e9"/>
			<Entry name="Client/WindowsNoEditor/Engine/Plugins/Runtime/Nvidia/Streamline/Binaries/ThirdParty/Win64/sl.interposer.dll" start="40258560" offset="40258744" size="537056" md5="cde1c0408a1a26613d39d89696e10373"/>
			<Entry name="Client/WindowsNoEditor/Engine/Binaries/ThirdParty/CEF3/Win64/Resources/locales/el.pak" start="40795800" offset="40795962" size="564535" md5="f29eeac9e4fef04805e2e0127775830a"/>
			<Entry name="Client/WindowsNoEditor/HT/Binaries/Win64/msvcp140.dll" start="41360497" offset="41360627" size="573008" md5="c3d497b0afef4bd7e09c7559e1c75b05"/>
			<Entry name="Client/WindowsNoEditor/Engine/Binaries/Win64/msvcp140.dll" start="41933635" offset="41933769" size="573008" md5="c3d497b0afef4bd7e09c7559e1c75b05"/>
			<Entry name="Client/WindowsNoEditor/HT/Plugins/Wwise/ThirdParty/x64_vc170/Profile/bin/iZotope.dll" start="42506777" offset="42506938" size="575240" md5="d5f3941ca139e985547ad69af749346a"/>
			<Entry name="Client/WindowsNoEditor/Engine/Plugins/Runtime/Nvidia/Streamline/Binaries/ThirdParty/Win64/Development/sl.interposer.dll" start="43082178" offset="43082374" size="576984" md5="e13050eb16bbd145a266c0ffb67a996d"/>
			<Entry name="Client/WindowsNoEditor/Engine/Binaries/ThirdParty/CEF3/Win64/Resources/locales/th.pak" start="43659358" offset="43659520" size="597955" md5="99c258194c6a2f3725ef1ecdd61633ac"/>
			<Entry name="Client/WindowsNoEditor/HT/Plugins/FFMPEGMedia/ThirdParty/ffmpeg/bin/vs/x64/swresample-3.dll" start="44257475" offset="44257643" size="604160" md5="16e7eaf911ce00d3cd2850f582578c36"/>
			<Entry name="Client/WindowsNoEditor/HT/Binaries/Win64/avatarface.dll" start="44861803" offset="44861935" size="606720" md5="b2d035d153663ca4cf451764e7bf8f22"/>
			<Entry name="Client/WindowsNoEditor/Engine/Binaries/ThirdParty/CEF3/Win64/Resources/locales/mr.pak" start="45468655" offset="45468817" size="628384" md5="e37e4584e2f218c4d9cad1502ee55bb6"/>
			<Entry name="Client/WindowsNoEditor/Engine/Binaries/ThirdParty/CEF3/Win64/Resources/locales/gu.pak" start="46097201" offset="46097363" size="642545" md5="1e29e91f37cab85972bafce24e735dfb"/>
			<Entry name="Client/WindowsNoEditor/Engine/Binaries/ThirdParty/CEF3/Win64/Resources/locales/hi.pak" start="46739908" offset="46740070" size="665934" md5="fdf32f7eb601f4721967e489ffc1a42b"/>
			<Entry name="Client/WindowsNoEditor/Engine/Binaries/ThirdParty/CEF3/Win64/Resources/locales/bn.pak" start="47406004" offset="47406166" size="671277" md5="735713f2ae9a845b1821487a192d1d0f"/>
			<Entry name="Client/WindowsNoEditor/Engine/Plugins/Runtime/Nvidia/Streamline/Binaries/ThirdParty/Win64/sl.common.dll" start="48077443" offset="48077623" size="676312" md5="7b42f53361cf08687945c5b22924b48a"/>
			<Entry name="Client/WindowsNoEditor/Engine/Binaries/ThirdParty/CEF3/Win64/Resources/locales/te.pak" start="48753935" offset="48754097" size="707613" md5="6acbc2e3c0845d52a8af7c9eb8aa29c4"/>
			<Entry name="Client/WindowsNoEditor/HT/Content/Paks/pakchunk1-Windows.sig" start="49461710" offset="49461847" size="734620" md5="a2c26125b071ef460daf4383880faeff"/>
			<Entry name="Client/WindowsNoEditor/HT/Binaries/Win64/WmgpMoblieGameSdk_64.dll" start="50196467" offset="50196609" size="736256" md5="655ea2ed998f5c95f5656400f8e4981f"/>
			<Entry name="Client/WindowsNoEditor/HT/Plugins/FFMPEGMedia/ThirdParty/ffmpeg/bin/vs/x64/avdevice-58.dll" start="50932865" offset="50933032" size="741888" md5="dfc500ef46eef1753352a31c231c1d28"/>
			<Entry name="Client/WindowsNoEditor/Engine/Binaries/ThirdParty/CEF3/Win64/Resources/locales/kn.pak" start="51674920" offset="51675082" size="746654" md5="e0fcfbe60e84580fa8cec1d1e5b67e59"/>
			<Entry name="Client/WindowsNoEditor/Engine/Plugins/Runtime/Nvidia/Streamline/Binaries/ThirdParty/Win64/Development/sl.common.dll" start="52421736" offset="52421928" size="753120" md5="a199d383b0a4de5b6eec4be09e8d3467"/>
			<Entry name="Client/WindowsNoEditor/HT/Binaries/Win64/cos.dll" start="53175048" offset="53175173" size="754176" md5="8240ecb80aa06d6db526a5004c800422"/>
			<Entry name="Client/WindowsNoEditor/Engine/Binaries/ThirdParty/CEF3/Win64/Resources/locales/ta.pak" start="53929349" offset="53929511" size="758488" md5="26737e88032aff83e145283a8a405798"/>
			<Entry name="Client/WindowsNoEditor/Engine/Binaries/ThirdParty/CEF3/Win64/Resources/chrome_100_percent.pak" start="54687999" offset="54688169" size="780548" md5="5b3d7aaeb81aa3502a57af94866f247d"/>
			<Entry name="Client/WindowsNoEditor/Engine/Binaries/ThirdParty/CEF3/Win64/Resources/locales/ml.pak" start="55468717" offset="55468879" size="782773" md5="d534771dcb24d92c11aeb2524e169297"/>
			<Entry name="Client/WindowsNoEditor/HT/Content/Movies/NTE-LOGO.mp4" start="56251652" offset="56251782" size="837345" md5="da64381ecd8d6b4b81d7789a55a79b57"/>
			<Entry name="Client/WindowsNoEditor/HT/Binaries/Win64/one.dll" start="57089127" offset="57089252" size="847360" md5="3f40acd82e3aa309f96d3da16b3f9290"/>
			<Entry name="Client/WindowsNoEditor/Engine/Binaries/ThirdParty/Windows/XAudio2_9/x64/xaudio2_9redist.dll" start="57936612" offset="57936780" size="847440" md5="835591acabfb69a6f9dace12711f2243"/>
			<Entry name="Client/WindowsNoEditor/HT/Content/Movies/HOTTA-LOGO.mp4" start="58784220" offset="58784352" size="900335" md5="118f96a0e94c40d4cd244dbf8dec227b"/>
			<Entry name="Client/WindowsNoEditor/HT/Content/Movies/NTE-LOGO_overseaEn.mp4" start="59684687" offset="59684827" size="968264" md5="c59ac702fe0b9773f6b7cdb7557f84f1"/>
			<Entry name="Client/WindowsNoEditor/HT/Content/Movies/UI_HD/UI_HD_video06.mp4" start="60653091" offset="60653232" size="976833" md5="143c2a22b8f2ed0b375a750930da1aba"/>
			<Entry name="Client/WindowsNoEditor/HT/Binaries/Win64/bearssl.dll" start="61630065" offset="61630194" size="986112" md5="5abd96955088ae9e6e69cec42a0c8f3c"/>
			<Entry name="Client/WindowsNoEditor/HT/Binaries/Win64/ucrtbase.dll" start="62616306" offset="62616436" size="1123944" md5="6a44a2235d33b3f154fc50dc72e8ea61"/>
			<Entry name="Client/WindowsNoEditor/Engine/Binaries/Win64/ucrtbase.dll" start="63740380" offset="63740514" size="1123944" md5="6a44a2235d33b3f154fc50dc72e8ea61"/>
			<Entry name="Client/WindowsNoEditor/HT/Binaries/Win64/tbbmalloc.pdb" start="64864458" offset="64864589" size="1126400" md5="023fb38615b34752c0c486c5d580ad9a"/>
			<Entry name="Client/WindowsNoEditor/Engine/Binaries/Win64/tbbmalloc.pdb" start="65990989" offset="65991124" size="1126400" md5="023fb38615b34752c0c486c5d580ad9a"/>
			<Entry name="Client/WindowsNoEditor/Engine/Binaries/ThirdParty/CEF3/Win64/chrome_elf.dll" start="67117524" offset="67117676" size="1126400" md5="f9b49a5e3352a5e17b8411b7f1c36050"/>
			<Entry name="Client/WindowsNoEditor/HT/Plugins/FFMPEGMedia/ThirdParty/ffmpeg/bin/vs/x64/swscale-5.dll" start="68244076" offset="68244241" size="1156608" md5="ede954f1fe2d899a6c2044e3046ec103"/>
			<Entry name="Client/WindowsNoEditor/Engine/Plugins/Runtime/Nvidia/Streamline/Binaries/ThirdParty/Win64/Development/sl.imgui.dll" start="69400849" offset="69401040" size="1213920" md5="bd0f0de3a0f7e83f8fc6dd1693c796c9"/>
			<Entry name="Client/WindowsNoEditor/HT/Plugins/FFMPEGMedia/ThirdParty/ffmpeg/bin/vs/x64/avutil-56.dll" start="70614960" offset="70615125" size="1264640" md5="4d82ee1a6901869de8153ff2d35846fe"/>
			<Entry name="Client/WindowsNoEditor/Engine/Binaries/ThirdParty/CEF3/Win64/Resources/chrome_200_percent.pak" start="71879765" offset="71879935" size="1358791" md5="f8890823d5b487261efba17bd63ae903"/>
			<Entry name="Client/WindowsNoEditor/HT/Content/Movies/SphereVideo-Emoji.mp4" start="73238726" offset="73238865" size="1384087" md5="4d556924a0398857ecd58cf549171f53"/>
			<Entry name="Client/WindowsNoEditor/HT/Binaries/Win64/wmc.dll" start="74622952" offset="74623077" size="1443840" md5="39a339679058e795f733295e860d6837"/>
			<Entry name="Client/WindowsNoEditor/HT/Content/Movies/UI_HD/UI_HD_video03.mp4" start="76066917" offset="76067058" size="1473039" md5="738e4d0d94ea2bd1a5a094f006074436"/>
			<Entry name="Client/WindowsNoEditor/HT/Content/Movies/FFMpeg/Login2K.mp4" start="77540097" offset="77540233" size="1490080" md5="72cee7ff55a97525d1faa9b6accf6801"/>
			<Entry name="Client/WindowsNoEditor/Engine/Binaries/ThirdParty/Vulkan/Win64/VkLayer_khronos_profiles.dll" start="79030313" offset="79030481" size="1607280" md5="2942850c4a74e1c529a37a0161df949d"/>
			<Entry name="Client/WindowsNoEditor/Engine/Binaries/ThirdParty/Vorbis/Win64/VS2015/libvorbis_64.dll" start="80637761" offset="80637924" size="1714176" md5="ce94029c20227191bf97f6d719b651c5"/>
			<Entry name="Client/WindowsNoEditor/HT/Plugins/Wwise/ThirdParty/x64_vc170/Release/bin/AkSoundEngineDLL.dll" start="82352100" offset="82352270" size="1807680" md5="2aff1dd8d2d946b089de7073b72b3a2d"/>
			<Entry name="Client/WindowsNoEditor/Engine/Binaries/ThirdParty/NVIDIA/NVaftermath/Win64/GFSDK_Aftermath_Lib.x64.dll" start="84159950" offset="84160129" size="1865216" md5="00d9315521c86a0c2bb6e8c21c4610e7"/>
			<Entry name="Client/WindowsNoEditor/HT/Content/Movies/FFMpeg/Skill/FadiaUltraSkill.mp4" start="86025345" offset="86025495" size="1989064" md5="e5f2f58b1c1a5e18b6dd804d59cc7869"/>
			<Entry name="Client/WindowsNoEditor/Engine/Binaries/ThirdParty/DbgHelp/dbghelp.dll" start="88014559" offset="88014705" size="2221984" md5="f97b15a663eb59ba6a9fc766e703c103"/>
			<Entry name="Client/WindowsNoEditor/HT/Plugins/Wwise/ThirdParty/x64_vc170/Profile/bin/AkSoundEngineDLL.dll" start="90236689" offset="90236859" size="2313024" md5="7cb477c5a919bdd336f212f5116eebef"/>
			<Entry name="Client/WindowsNoEditor/HT/Content/Movies/FFMpeg/Story/Story_q110118_P0.mp4" start="92549883" offset="92550034" size="2488407" md5="c5575321f3687674cd44bb3422a1d6f2"/>
			<Entry name="Client/WindowsNoEditor/Engine/Binaries/ThirdParty/MsQuic/v220/win64/msquic.dll" start="95038441" offset="95038596" size="2536368" md5="a2c1cdfb561609d7b61d6a04c10579a6"/>
			<Entry name="Client/WindowsNoEditor/HT/Plugins/Wwise/ThirdParty/x64_vc170/Release/bin/Auro.dll" start="97574964" offset="97575122" size="2568000" md5="149fc65401d39ea575bd9f49317dece8"/>
			<Entry name="Client/WindowsNoEditor/HT/Plugins/Wwise/ThirdParty/x64_vc170/Profile/bin/Auro.dll" start="100143122" offset="100143280" size="2568000" md5="ea093488d909f055fc56dac7d822fc8a"/>
			<Entry name="Client/WindowsNoEditor/HT/Content/Movies/FFMpeg/Story/Story_q110118_P1.mp4" start="102711280" offset="102711431" size="2575886" md5="24281cd21f7eb47573e6de35a597b5ee"/>
			<Entry name="Client/WindowsNoEditor/Engine/Binaries/ThirdParty/CEF3/Win64/Resources/swiftshader/libGLESv2.dll" start="105287317" offset="105287490" size="2745856" md5="acc98a721d54c98614a8b7361276adff"/>
			<Entry name="Client/WindowsNoEditor/HT/Content/Movies/FFMpeg/Story/Story_q110118_P4.mp4" start="108033346" offset="108033497" size="2770947" md5="1722e95825060de6493ae8d6bd996ca2"/>
			<Entry name="Client/WindowsNoEditor/HT/Binaries/Win64/CrashCapture.exe" start="110804444" offset="110804578" size="2821160" md5="3a67f9795deec68c924af434d93edd13"/>
			<Entry name="Client/WindowsNoEditor/HT/Content/Movies/FFMpeg/Story/Story_q110118_P5.mp4" start="113625738" offset="113625889" size="2827792" md5="5963be4cbd86e6ee7cb1cc297a628557"/>
			<Entry name="Client/WindowsNoEditor/HT/Binaries/Win64/tbb.pdb" start="116453681" offset="116453806" size="3010560" md5="eb32c96fc2d837a79bdf8987841785ac"/>
			<Entry name="Client/WindowsNoEditor/Engine/Binaries/Win64/tbb.pdb" start="119464366" offset="119464495" size="3010560" md5="eb32c96fc2d837a79bdf8987841785ac"/>
			<Entry name="Client/WindowsNoEditor/HT/Content/Movies/FFMpeg/Story/Tayge_q110150_01.mp4" start="122475055" offset="122475206" size="3014195" md5="854f3e7ba845892af3886d74f0733f8e"/>
			<Entry name="Client/WindowsNoEditor/HT/Content/Movies/FFMpeg/Story/Story_q110118_P2.mp4" start="125489401" offset="125489552" size="3139268" md5="178867a498f40185496010dc80483185"/>
			<Entry name="Client/WindowsNoEditor/HT/Content/Movies/FFMpeg/Story/Story_q110118_P3.mp4" start="128628820" offset="128628971" size="3251890" md5="69b0132c80272a7aeb9e7049f1cf4a7f"/>
			<Entry name="Client/WindowsNoEditor/Engine/Binaries/ThirdParty/Vulkan/Win64/VkLayer_gfxreconstruct.dll" start="131880861" offset="131881027" size="3398256" md5="37037f0be8a85c571065e83e3cf8efcb"/>
			<Entry name="Client/WindowsNoEditor/HT/Plugins/FFMPEGMedia/ThirdParty/ffmpeg/bin/vs/x64/avformat-58.dll" start="135279283" offset="135279450" size="3407872" md5="d1d5109a47e2b36b8124b4fc34106b56"/>
			<Entry name="Client/WindowsNoEditor/HT/Plugins/Wwise/ThirdParty/x64_vc170/Release/bin/gmesdk.dll" start="138687322" offset="138687482" size="3881472" md5="600d3c3265bd4e2baf3d031d01584ede"/>
			<Entry name="Client/WindowsNoEditor/HT/Plugins/Wwise/ThirdParty/x64_vc170/Profile/bin/gmesdk.dll" start="142568954" offset="142569114" size="3881472" md5="600d3c3265bd4e2baf3d031d01584ede"/>
			<Entry name="Client/WindowsNoEditor/HT/Plugins/FFMPEGMedia/ThirdParty/ffmpeg/bin/vs/x64/avfilter-7.dll" start="146450586" offset="146450752" size="3905536" md5="cf6f4ab02994a33587887f66e63d5264"/>
			<Entry name="Client/WindowsNoEditor/Engine/Binaries/ThirdParty/CEF3/Win64/d3dcompiler_47.dll" start="150356288" offset="150356444" size="4346120" md5="222d020bd33c90170a8296adc1b7036a"/>
			<Entry name="Client/WindowsNoEditor/HT/Binaries/Win64/CrashSDK.dll" start="154702564" offset="154702694" size="4652072" md5="df9e4f1b4138214b7fe5a84301c46912"/>
			<Entry name="Client/WindowsNoEditor/Engine/Binaries/Win64/EpicWebHelper.exe" start="159354766" offset="159354905" size="4673024" md5="24a922bc6e3097f244086575308c6a8a"/>
			<Entry name="Client/WindowsNoEditor/Engine/Binaries/ThirdParty/Vulkan/Win64/VkLayer_api_dump.dll" start="164027929" offset="164028089" size="4714496" md5="e0092a1ff803248bae03e0c241b4caa8"/>
			<Entry name="Client/WindowsNoEditor/Engine/Content/SlateDebug/Fonts/LastResort.ttf" start="168742585" offset="168742731" size="5395052" md5="89454f173319872a5fa975b26d028f9d"/>
			<Entry name="Client/WindowsNoEditor/HT/Binaries/Win64/D3D12/D3D12Core.dll" start="174137783" offset="174137920" size="5908408" md5="f2ba8763a1ef9857c4d4b7cab5631edb"/>
			<Entry name="Client/WindowsNoEditor/HT/Binaries/Win64/CrashClientReporter.exe" start="180046328" offset="180046469" size="5975592" md5="e761e1e6395e391e5fe8126c92a63e7b"/>
			<Entry name="Client/WindowsNoEditor/HT/Binaries/Win64/PatcherSDK_x64.dll" start="186022061" offset="186022197" size="6389800" md5="993763db565d56f06294077ef2da91a5"/>
			<Entry name="Client/WindowsNoEditor/Engine/Binaries/ThirdParty/CEF3/Win64/libGLESv2.dll" start="192411997" offset="192412148" size="6795776" md5="e766d6ab0036471af1e606fd77665291"/>
			<Entry name="Client/WindowsNoEditor/Engine/Binaries/ThirdParty/CEF3/Win64/Resources/resources.pak" start="199207924" offset="199208085" size="7285408" md5="b6252587a16744802844fa4e1e5752a1"/>
			<Entry name="Client/WindowsNoEditor/HT/Content/Movies/FFMpeg/Skill/MintUtralSkill.mp4" start="206493493" offset="206493642" size="7638722" md5="ac768b7a1ad66c675a888c47ae1b1e59"/>
			<Entry name="Client/WindowsNoEditor/Engine/Plugins/Runtime/Nvidia/Streamline/Binaries/ThirdParty/Win64/Development/sl.imgui.pdb" start="214132364" offset="214132555" size="8589312" md5="31cb009947aebd2835bb67ba987e0542"/>
			<Entry name="Client/WindowsNoEditor/Engine/Plugins/Runtime/Nvidia/Streamline/Binaries/ThirdParty/Win64/nvngx_dlssg.dll" start="222721867" offset="222722049" size="9477688" md5="69e9f9dc32d0aef4e7c986e2339a0e52"/>
			<Entry name="Client/WindowsNoEditor/Engine/Plugins/Runtime/Nvidia/Streamline/Binaries/ThirdParty/Win64/Development/nvngx_dlssg.dll" start="232199737" offset="232199931" size="9497144" md5="99eb5cb0720d58ea591b061ebd454ec9"/>
			<Entry name="Client/WindowsNoEditor/HT/Binaries/Win64/D3D12/d3d12SDKLayers.dll" start="241697075" offset="241697217" size="9525272" md5="d372bc0d8c0177903caa4551cf916631"/>
			<Entry name="Client/WindowsNoEditor/HT/Content/Movies/FFMpeg/Skill/SagiriUltraSkill.usm" start="251222489" offset="251222640" size="10038560" md5="d00a354f14f2754f815450652903dd33"/>
			<Entry name="Client/WindowsNoEditor/HT/Content/Movies/FFMpeg/Skill/FemaleUltraSkill.mp4" start="261261200" offset="261261351" size="10167681" md5="4be56c21575a56dbc62d69be6b90c02c"/>
			<Entry name="Client/WindowsNoEditor/Engine/Binaries/ThirdParty/CEF3/Win64/icudtl.dat" start="271429032" offset="271429180" size="10413488" md5="80a7528515595d8b0bf99a477a7eff0d"/>
			<Entry name="Client/WindowsNoEditor/Engine/Binaries/ThirdParty/CEF3/Win64/Resources/icudtl.dat" start="281842668" offset="281842826" size="10413488" md5="80a7528515595d8b0bf99a477a7eff0d"/>
			<Entry name="Client/WindowsNoEditor/HT/Content/Movies/FFMpeg/Skill/LacrimosaUltraSkill.mp4" start="292256314" offset="292256468" size="10999418" md5="2e30153e5cfe66829d80c99e95ccc190"/>
			<Entry name="Client/WindowsNoEditor/HT/Content/Movies/FFMpeg/Skill/NanallyUltraSkill.mp4" start="303255886" offset="303256038" size="11041250" md5="e9a94761414e036870d0d202f5f553dc"/>
			<Entry name="Client/WindowsNoEditor/HT/Content/Movies/FFMpeg/Skill/FemaleUltraSkill.usm" start="314297288" offset="314297439" size="11567424" md5="a35b10ed64cb5f7be75e27b1b1e33032"/>
			<Entry name="Client/WindowsNoEditor/HT/Content/Movies/DialogueSequence/FilmOrbit_sagiri_q110073.mp4" start="325864863" offset="325865026" size="11844315" md5="1f0044167d663b903c7a0720d50b9fb0"/>
			<Entry name="Client/WindowsNoEditor/HT/Content/Movies/FFMpeg/Skill/SagiriUltraSkill.mp4" start="337709341" offset="337709492" size="11941005" md5="c4a7b31f55f32373f31d1be19f481a4a"/>
			<Entry name="Client/WindowsNoEditor/Engine/Programs/CrashReportClient/Content/Paks/CrashReportClient.pak" start="349650497" offset="349650665" size="12051651" md5="7d2d134aead21d03ae9e6f95694a9db6"/>
			<Entry name="Client/WindowsNoEditor/HT/Content/Movies/FFMpeg/Skill/SkiaUtralSkill.mp4" start="361702316" offset="361702465" size="12132576" md5="6d8f47a55b865dc9fe5fd6c1c57432dc"/>
			<Entry name="Client/WindowsNoEditor/HT/Content/Movies/FFMpeg/Skill/MintUltralSkill.usm" start="373835041" offset="373835191" size="12360160" md5="52d4f454ae97ef156aa3caae4cfd7610"/>
			<Entry name="Client/WindowsNoEditor/HT/Plugins/FFMPEGMedia/ThirdParty/ffmpeg/bin/vs/x64/avcodec-58.dll" start="386195351" offset="386195517" size="12377600" md5="8a8c72be04b199e858ec685fa6595336"/>
			<Entry name="Client/WindowsNoEditor/Engine/Plugins/Runtime/Nvidia/Streamline/Binaries/ThirdParty/Win64/nvngx_deepdvc.dll" start="398573117" offset="398573301" size="12512824" md5="c379e4858f30a398564428ea3cc52bd4"/>
			<Entry name="Client/WindowsNoEditor/Engine/Plugins/Runtime/Nvidia/Streamline/Binaries/ThirdParty/Win64/Development/nvngx_deepdvc.dll" start="411086125" offset="411086321" size="12515368" md5="d2a6dc99a0e31f28a08b1d9d8664e75b"/>
			<Entry name="Client/WindowsNoEditor/HT/Content/Movies/H264.usm" start="423601689" offset="423601815" size="13390368" md5="4cc1eb43791530f354d04c10136bc420"/>
			<Entry name="Client/WindowsNoEditor/HT/Content/Movies/FFMpeg/Skill/AdlerUltraSkill.mp4" start="436992183" offset="436992333" size="13531845" md5="527b95adc61f9175ff7424db355e4d3e"/>
			<Entry name="Client/WindowsNoEditor/HT/Content/Movies/UI_HD/UI_HD_video02.mp4" start="450524178" offset="450524319" size="17259157" md5="5861170f9e3a4ff3a54bf9aad49fe6ac"/>
			<Entry name="Client/WindowsNoEditor/HT/Content/Movies/Bigworld1/bigworldvido0.mp4" start="467783476" offset="467783621" size="17505534" md5="b1ae79e99e268c9b8a6d47035ecfe798"/>
			<Entry name="Client/WindowsNoEditor/HT/Content/Movies/UI_HD/UI_HD_video01.mp4" start="485289155" offset="485289296" size="18727890" md5="e5abb774f8e4a02e92f87a43d774909a"/>
			<Entry name="Client/WindowsNoEditor/Engine/Binaries/ThirdParty/Vulkan/Win64/VkLayer_khronos_validation.dll" start="504017186" offset="504017356" size="20433520" md5="66696b25747d743505bdf53bdb8cf6e8"/>
		</Pak>
		<Pak md5="a4eef71cab973a03eb7aabeb02ce20d1" filesize="389839536">
			<Entry name="Client/WindowsNoEditor/Engine/Binaries/Win64/CrashReportClient.exe" start="1393" offset="1536" size="25879552" md5="2e2f6491219539a4674cf0fc5b206887"/>
			<Entry name="Client/WindowsNoEditor/HT/Content/Movies/FFMpeg/Story/HM_temp.mp4" start="25881088" offset="25881230" size="26151236" md5="1a62712ae34cb1fb0d85e2f096142874"/>
			<Entry name="Client/WindowsNoEditor/HT/Content/Movies/FFMpeg/Story/C02.mp4" start="52032466" offset="52032604" size="42600789" md5="53d8fbe1007cb9b08f1ffbf18149f2fd"/>
			<Entry name="Client/WindowsNoEditor/HT/Content/Movies/Bigworld1/VideoVesta.mp4" start="94633393" offset="94633535" size="45953388" md5="f0c707999d0299fd10c28e258696a5cf"/>
			<Entry name="Client/WindowsNoEditor/HT/Content/Movies/FFMpeg/Story/C01.mp4" start="140586923" offset="140587061" size="46249435" md5="b7db2e115dbb6589d1e5b836286f083c"/>
			<Entry name="Client/WindowsNoEditor/HT/Binaries/Win64/OpenImageDenoise.dll" start="186836496" offset="186836634" size="49771920" md5="4b7ea8d37d71c64b73bab999411aac18"/>
			<Entry name="Client/WindowsNoEditor/Engine/Extras/Redist/en-us/UEPrereqSetup_x64.exe" start="236608554" offset="236608702" size="50521128" md5="7c6d890841def8978349f37f8af77242"/>
			<Entry name="Client/WindowsNoEditor/Engine/Plugins/Runtime/Nvidia/DLSS/Binaries/ThirdParty/Win64/nvngx_dlss.dll" start="287129830" offset="287130005" size="51276856" md5="12627ab9ee39858b6a28039a32d1b7c2"/>
			<Entry name="Client/WindowsNoEditor/Engine/Plugins/Runtime/Nvidia/DLSS/Binaries/ThirdParty/Win64/Development/nvngx_dlss.dll" start="338406861" offset="338407048" size="51432488" md5="6af88a88ba51c1abe5a81ed0afa08cfc"/>
		</Pak>
	</Package>
</ResList>
